[
  {
    "lname":"Trout",
    "finit":"M",
    "position":"CF",
    "games":157,
    "ab":589,
    "runs":109,
    "hits":190,
    "doubles":39,
    "triples":9,
    "hr":27,
    "rbi":97,
    "bb":110,
    "so":136,
    "sb":33,
    "cs":7,
    "avg":0.323,
    "obp":0.432,
    "slg":0.557
  },
  {
    "lname":"Kendrick",
    "finit":"H",
    "position":"2B",
    "games":122,
    "ab":478,
    "runs":55,
    "hits":142,
    "doubles":21,
    "triples":4,
    "hr":13,
    "rbi":54,
    "bb":23,
    "so":89,
    "sb":6,
    "cs":3,
    "avg":0.297,
    "obp":0.335,
    "slg":0.439
  },
  {
    "lname":"Shuck",
    "finit":"J",
    "position":"LF",
    "games":129,
    "ab":437,
    "runs":60,
    "hits":128,
    "doubles":20,
    "triples":3,
    "hr":2,
    "rbi":39,
    "bb":27,
    "so":54,
    "sb":8,
    "cs":4,
    "avg":0.293,
    "obp":0.331,
    "slg":0.366
  },
  {
    "lname":"Calhoun",
    "finit":"K",
    "position":"RF",
    "games":58,
    "ab":195,
    "runs":29,
    "hits":55,
    "doubles":7,
    "triples":2,
    "hr":8,
    "rbi":32,
    "bb":21,
    "so":41,
    "sb":2,
    "cs":2,
    "avg":0.282,
    "obp":0.347,
    "slg":0.462
  },
  {
    "lname":"Green",
    "finit":"G",
    "position":"2B",
    "games":40,
    "ab":125,
    "runs":16,
    "hits":35,
    "doubles":8,
    "triples":1,
    "hr":1,
    "rbi":16,
    "bb":10,
    "so":38,
    "sb":0,
    "cs":0,
    "avg":0.280,
    "obp":0.336,
    "slg":0.384
  },
  {
    "lname":"Bourjos",
    "finit":"P",
    "position":"CF",
    "games":55,
    "ab":175,
    "runs":26,
    "hits":48,
    "doubles":3,
    "triples":3,
    "hr":3,
    "rbi":12,
    "bb":10,
    "so":43,
    "sb":6,
    "cs":0,
    "avg":0.274,
    "obp":0.333,
    "slg":0.377
  },
  {
    "lname":"Aybar",
    "finit":"E",
    "position":"SS",
    "games":138,
    "ab":550,
    "runs":68,
    "hits":149,
    "doubles":33,
    "triples":5,
    "hr":6,
    "rbi":54,
    "bb":23,
    "so":59,
    "sb":12,
    "cs":7,
    "avg":0.271,
    "obp":0.301,
    "slg":0.382
  },
  {
    "lname":"Jimenez",
    "finit":"L",
    "position":"3B",
    "games":34,
    "ab":104,
    "runs":15,
    "hits":27,
    "doubles":6,
    "triples":0,
    "hr":0,
    "rbi":5,
    "bb":2,
    "so":28,
    "sb":0,
    "cs":2,
    "avg":0.260,
    "obp":0.291,
    "slg":0.317
  },
  {
    "lname":"Romine",
    "finit":"A",
    "position":"3B",
    "games":47,
    "ab":108,
    "runs":9,
    "hits":28,
    "doubles":3,
    "triples":0,
    "hr":0,
    "rbi":10,
    "bb":7,
    "so":24,
    "sb":1,
    "cs":0,
    "avg":0.259,
    "obp":0.308,
    "slg":0.287
  },
  {
    "lname":"Pujols",
    "finit":"A",
    "position":"1B",
    "games":99,
    "ab":391,
    "runs":49,
    "hits":101,
    "doubles":19,
    "triples":0,
    "hr":17,
    "rbi":64,
    "bb":40,
    "so":55,
    "sb":1,
    "cs":1,
    "avg":0.258,
    "obp":0.330,
    "slg":0.437
  },
  {
    "lname":"Callaspo",
    "finit":"A",
    "position":"3B",
    "games":86,
    "ab":294,
    "runs":32,
    "hits":74,
    "doubles":13,
    "triples":0,
    "hr":5,
    "rbi":36,
    "bb":34,
    "so":22,
    "sb":0,
    "cs":2,
    "avg":0.252,
    "obp":0.324,
    "slg":0.347
  },
  {
    "lname":"Hamilton",
    "finit":"J",
    "position":"RF",
    "games":151,
    "ab":576,
    "runs":73,
    "hits":144,
    "doubles":32,
    "triples":5,
    "hr":21,
    "rbi":79,
    "bb":47,
    "so":158,
    "sb":4,
    "cs":0,
    "avg":0.250,
    "obp":0.307,
    "slg":0.432
  },
  {
    "lname":"Navarro",
    "finit":"E",
    "position":"1B",
    "games":4,
    "ab":4,
    "runs":0,
    "hits":1,
    "doubles":0,
    "triples":0,
    "hr":0,
    "rbi":1,
    "bb":2,
    "so":1,
    "sb":1,
    "cs":0,
    "avg":0.250,
    "obp":0.500,
    "slg":0.250
  },
  {
    "lname":"Conger",
    "finit":"H",
    "position":"C",
    "games":92,
    "ab":233,
    "runs":23,
    "hits":58,
    "doubles":13,
    "triples":1,
    "hr":7,
    "rbi":21,
    "bb":17,
    "so":61,
    "sb":0,
    "cs":1,
    "avg":0.249,
    "obp":0.310,
    "slg":0.403
  },
  {
    "lname":"Trumbo",
    "finit":"M",
    "position":"1B",
    "games":159,
    "ab":620,
    "runs":85,
    "hits":145,
    "doubles":30,
    "triples":2,
    "hr":34,
    "rbi":100,
    "bb":54,
    "so":184,
    "sb":5,
    "cs":2,
    "avg":0.234,
    "obp":0.294,
    "slg":0.453
  },
  {
    "lname":"Cowgill",
    "finit":"C",
    "position":"LF",
    "games":50,
    "ab":91,
    "runs":11,
    "hits":21,
    "doubles":3,
    "triples":2,
    "hr":2,
    "rbi":8,
    "bb":5,
    "so":27,
    "sb":1,
    "cs":0,
    "avg":0.231,
    "obp":0.271,
    "slg":0.374
  },
  {
    "lname":"Iannetta",
    "finit":"C",
    "position":"C",
    "games":115,
    "ab":325,
    "runs":40,
    "hits":73,
    "doubles":15,
    "triples":0,
    "hr":11,
    "rbi":39,
    "bb":68,
    "so":100,
    "sb":0,
    "cs":1,
    "avg":0.225,
    "obp":0.358,
    "slg":0.372
  },
  {
    "lname":"Nelson",
    "finit":"C",
    "position":"3B",
    "games":33,
    "ab":109,
    "runs":10,
    "hits":24,
    "doubles":1,
    "triples":2,
    "hr":3,
    "rbi":18,
    "bb":8,
    "so":36,
    "sb":2,
    "cs":1,
    "avg":0.220,
    "obp":0.277,
    "slg":0.349
  },
  {
    "lname":"Harris",
    "finit":"B",
    "position":"SS",
    "games":44,
    "ab":107,
    "runs":14,
    "hits":22,
    "doubles":4,
    "triples":0,
    "hr":4,
    "rbi":9,
    "bb":6,
    "so":29,
    "sb":0,
    "cs":1,
    "avg":0.206,
    "obp":0.252,
    "slg":0.355
  },
  {
    "lname":"Hawpe",
    "finit":"B",
    "position":"RF",
    "games":17,
    "ab":27,
    "runs":2,
    "hits":5,
    "doubles":0,
    "triples":0,
    "hr":0,
    "rbi":2,
    "bb":5,
    "so":14,
    "sb":0,
    "cs":0,
    "avg":0.185,
    "obp":0.313,
    "slg":0.185
  }
]