[
  {
    "lname":"Hoes",
    "finit":"L",
    "position":"OF",
    "games":46,
    "ab":167,
    "runs":24,
    "hits":48,
    "doubles":7,
    "triples":2,
    "hr":1,
    "rbi":10,
    "bb":12,
    "so":34,
    "sb":7,
    "cs":1,
    "avg":0.287,
    "obp":0.337,
    "slg":0.371
  },
  {
    "lname":"Stassi",
    "finit":"M",
    "position":"C",
    "games":3,
    "ab":7,
    "runs":0,
    "hits":2,
    "doubles":0,
    "triples":0,
    "hr":0,
    "rbi":1,
    "bb":0,
    "so":2,
    "sb":0,
    "cs":0,
    "avg":0.286,
    "obp":0.375,
    "slg":0.286
  },
  {
    "lname":"Altuve",
    "finit":"J",
    "position":"2B",
    "games":152,
    "ab":626,
    "runs":64,
    "hits":177,
    "doubles":31,
    "triples":2,
    "hr":5,
    "rbi":52,
    "bb":32,
    "so":85,
    "sb":35,
    "cs":13,
    "avg":0.283,
    "obp":0.316,
    "slg":0.363
  },
  {
    "lname":"Castro",
    "finit":"J",
    "position":"C",
    "games":120,
    "ab":435,
    "runs":63,
    "hits":120,
    "doubles":35,
    "triples":1,
    "hr":18,
    "rbi":56,
    "bb":50,
    "so":130,
    "sb":2,
    "cs":1,
    "avg":0.276,
    "obp":0.350,
    "slg":0.485
  },
  {
    "lname":"Grossman",
    "finit":"R",
    "position":"LF",
    "games":63,
    "ab":257,
    "runs":29,
    "hits":69,
    "doubles":14,
    "triples":0,
    "hr":4,
    "rbi":21,
    "bb":23,
    "so":70,
    "sb":6,
    "cs":7,
    "avg":0.268,
    "obp":0.332,
    "slg":0.370
  },
  {
    "lname":"Harrell",
    "finit":"L",
    "position":"P",
    "games":4,
    "ab":4,
    "runs":0,
    "hits":1,
    "doubles":0,
    "triples":0,
    "hr":0,
    "rbi":0,
    "bb":2,
    "so":2,
    "sb":0,
    "cs":0,
    "avg":0.250,
    "obp":0.500,
    "slg":0.250
  },
  {
    "lname":"Martinez",
    "finit":"J",
    "position":"LF",
    "games":86,
    "ab":296,
    "runs":24,
    "hits":74,
    "doubles":17,
    "triples":0,
    "hr":7,
    "rbi":36,
    "bb":10,
    "so":82,
    "sb":2,
    "cs":0,
    "avg":0.250,
    "obp":0.272,
    "slg":0.378
  },
  {
    "lname":"Norris",
    "finit":"B",
    "position":"P",
    "games":2,
    "ab":4,
    "runs":0,
    "hits":1,
    "doubles":0,
    "triples":0,
    "hr":0,
    "rbi":0,
    "bb":0,
    "so":0,
    "sb":0,
    "cs":0,
    "avg":0.250,
    "obp":0.250,
    "slg":0.250
  },
  {
    "lname":"Villar",
    "finit":"J",
    "position":"SS",
    "games":58,
    "ab":210,
    "runs":26,
    "hits":51,
    "doubles":9,
    "triples":2,
    "hr":1,
    "rbi":8,
    "bb":24,
    "so":71,
    "sb":18,
    "cs":8,
    "avg":0.243,
    "obp":0.321,
    "slg":0.319
  },
  {
    "lname":"Elmore",
    "finit":"J",
    "position":"SS",
    "games":52,
    "ab":120,
    "runs":16,
    "hits":29,
    "doubles":4,
    "triples":0,
    "hr":2,
    "rbi":6,
    "bb":13,
    "so":20,
    "sb":1,
    "cs":6,
    "avg":0.242,
    "obp":0.313,
    "slg":0.325
  },
  {
    "lname":"Dominguez",
    "finit":"M",
    "position":"3B",
    "games":152,
    "ab":543,
    "runs":56,
    "hits":131,
    "doubles":25,
    "triples":0,
    "hr":21,
    "rbi":77,
    "bb":30,
    "so":96,
    "sb":0,
    "cs":1,
    "avg":0.241,
    "obp":0.286,
    "slg":0.403
  },
  {
    "lname":"Maxwell",
    "finit":"J",
    "position":"CF",
    "games":40,
    "ab":137,
    "runs":21,
    "hits":33,
    "doubles":10,
    "triples":2,
    "hr":2,
    "rbi":8,
    "bb":12,
    "so":43,
    "sb":4,
    "cs":1,
    "avg":0.241,
    "obp":0.311,
    "slg":0.387
  },
  {
    "lname":"Barnes",
    "finit":"B",
    "position":"CF",
    "games":136,
    "ab":408,
    "runs":46,
    "hits":98,
    "doubles":17,
    "triples":1,
    "hr":8,
    "rbi":41,
    "bb":21,
    "so":127,
    "sb":11,
    "cs":11,
    "avg":0.240,
    "obp":0.289,
    "slg":0.346
  },
  {
    "lname":"Corporan",
    "finit":"C",
    "position":"C",
    "games":64,
    "ab":191,
    "runs":16,
    "hits":43,
    "doubles":5,
    "triples":0,
    "hr":7,
    "rbi":20,
    "bb":10,
    "so":60,
    "sb":0,
    "cs":0,
    "avg":0.225,
    "obp":0.287,
    "slg":0.361
  },
  {
    "lname":"Carter",
    "finit":"C",
    "position":"1B",
    "games":148,
    "ab":506,
    "runs":64,
    "hits":113,
    "doubles":24,
    "triples":2,
    "hr":29,
    "rbi":82,
    "bb":70,
    "so":212,
    "sb":2,
    "cs":0,
    "avg":0.223,
    "obp":0.320,
    "slg":0.451
  },
  {
    "lname":"Wallace",
    "finit":"B",
    "position":"1B",
    "games":79,
    "ab":262,
    "runs":35,
    "hits":58,
    "doubles":14,
    "triples":1,
    "hr":13,
    "rbi":36,
    "bb":18,
    "so":104,
    "sb":1,
    "cs":1,
    "avg":0.221,
    "obp":0.284,
    "slg":0.431
  },
  {
    "lname":"Gonzalez",
    "finit":"M",
    "position":"SS",
    "games":72,
    "ab":204,
    "runs":22,
    "hits":45,
    "doubles":8,
    "triples":0,
    "hr":4,
    "rbi":14,
    "bb":9,
    "so":37,
    "sb":6,
    "cs":2,
    "avg":0.221,
    "obp":0.252,
    "slg":0.319
  },
  {
    "lname":"Cedeno",
    "finit":"R",
    "position":"SS",
    "games":51,
    "ab":141,
    "runs":12,
    "hits":31,
    "doubles":6,
    "triples":1,
    "hr":1,
    "rbi":12,
    "bb":6,
    "so":42,
    "sb":2,
    "cs":1,
    "avg":0.220,
    "obp":0.260,
    "slg":0.298
  },
  {
    "lname":"Crowe",
    "finit":"T",
    "position":"RF",
    "games":60,
    "ab":165,
    "runs":18,
    "hits":36,
    "doubles":7,
    "triples":1,
    "hr":1,
    "rbi":13,
    "bb":16,
    "so":39,
    "sb":6,
    "cs":1,
    "avg":0.218,
    "obp":0.287,
    "slg":0.291
  },
  {
    "lname":"Pena",
    "finit":"C",
    "position":"1B",
    "games":85,
    "ab":277,
    "runs":38,
    "hits":58,
    "doubles":13,
    "triples":1,
    "hr":8,
    "rbi":25,
    "bb":43,
    "so":89,
    "sb":1,
    "cs":3,
    "avg":0.209,
    "obp":0.324,
    "slg":0.350
  }
]