[
  {
    "lname":"Suzuki",
    "finit":"K",
    "position":"C",
    "games":15,
    "ab":33,
    "runs":6,
    "hits":10,
    "doubles":2,
    "triples":0,
    "hr":2,
    "rbi":7,
    "bb":2,
    "so":3,
    "sb":0,
    "cs":0,
    "avg":0.303,
    "obp":0.343,
    "slg":0.545
  },
  {
    "lname":"Donaldson",
    "finit":"J",
    "position":"3B",
    "games":158,
    "ab":579,
    "runs":89,
    "hits":174,
    "doubles":37,
    "triples":3,
    "hr":24,
    "rbi":93,
    "bb":76,
    "so":110,
    "sb":5,
    "cs":2,
    "avg":0.301,
    "obp":0.384,
    "slg":0.499
  },
  {
    "lname":"Lowrie",
    "finit":"J",
    "position":"SS",
    "games":154,
    "ab":603,
    "runs":80,
    "hits":175,
    "doubles":45,
    "triples":2,
    "hr":15,
    "rbi":75,
    "bb":50,
    "so":91,
    "sb":1,
    "cs":0,
    "avg":0.290,
    "obp":0.344,
    "slg":0.446
  },
  {
    "lname":"Choice",
    "finit":"M",
    "position":"RF",
    "games":9,
    "ab":18,
    "runs":2,
    "hits":5,
    "doubles":1,
    "triples":0,
    "hr":0,
    "rbi":0,
    "bb":1,
    "so":6,
    "sb":0,
    "cs":0,
    "avg":0.278,
    "obp":0.316,
    "slg":0.333
  },
  {
    "lname":"Freiman",
    "finit":"N",
    "position":"1B",
    "games":80,
    "ab":190,
    "runs":10,
    "hits":52,
    "doubles":8,
    "triples":1,
    "hr":4,
    "rbi":24,
    "bb":14,
    "so":31,
    "sb":0,
    "cs":0,
    "avg":0.274,
    "obp":0.327,
    "slg":0.389
  },
  {
    "lname":"Jaso",
    "finit":"J",
    "position":"C",
    "games":70,
    "ab":207,
    "runs":31,
    "hits":56,
    "doubles":12,
    "triples":0,
    "hr":3,
    "rbi":21,
    "bb":38,
    "so":45,
    "sb":2,
    "cs":1,
    "avg":0.271,
    "obp":0.387,
    "slg":0.372
  },
  {
    "lname":"Callaspo",
    "finit":"A",
    "position":"2B",
    "games":50,
    "ab":159,
    "runs":20,
    "hits":43,
    "doubles":7,
    "triples":0,
    "hr":5,
    "rbi":22,
    "bb":19,
    "so":25,
    "sb":0,
    "cs":0,
    "avg":0.270,
    "obp":0.350,
    "slg":0.409
  },
  {
    "lname":"Barton",
    "finit":"D",
    "position":"1B",
    "games":37,
    "ab":104,
    "runs":15,
    "hits":28,
    "doubles":2,
    "triples":0,
    "hr":3,
    "rbi":16,
    "bb":13,
    "so":18,
    "sb":0,
    "cs":0,
    "avg":0.269,
    "obp":0.350,
    "slg":0.375
  },
  {
    "lname":"Sogard",
    "finit":"E",
    "position":"2B",
    "games":130,
    "ab":368,
    "runs":45,
    "hits":98,
    "doubles":24,
    "triples":3,
    "hr":2,
    "rbi":35,
    "bb":27,
    "so":51,
    "sb":10,
    "cs":5,
    "avg":0.266,
    "obp":0.322,
    "slg":0.364
  },
  {
    "lname":"Crisp",
    "finit":"C",
    "position":"CF",
    "games":131,
    "ab":513,
    "runs":93,
    "hits":134,
    "doubles":22,
    "triples":3,
    "hr":22,
    "rbi":66,
    "bb":61,
    "so":65,
    "sb":21,
    "cs":5,
    "avg":0.261,
    "obp":0.335,
    "slg":0.444
  },
  {
    "lname":"Moss",
    "finit":"B",
    "position":"1B",
    "games":145,
    "ab":446,
    "runs":73,
    "hits":114,
    "doubles":23,
    "triples":3,
    "hr":30,
    "rbi":87,
    "bb":50,
    "so":140,
    "sb":4,
    "cs":2,
    "avg":0.256,
    "obp":0.337,
    "slg":0.522
  },
  {
    "lname":"Smith",
    "finit":"S",
    "position":"LF",
    "games":117,
    "ab":368,
    "runs":49,
    "hits":93,
    "doubles":27,
    "triples":0,
    "hr":8,
    "rbi":40,
    "bb":39,
    "so":94,
    "sb":0,
    "cs":0,
    "avg":0.253,
    "obp":0.329,
    "slg":0.391
  },
  {
    "lname":"Vogt",
    "finit":"S",
    "position":"C",
    "games":47,
    "ab":135,
    "runs":18,
    "hits":34,
    "doubles":6,
    "triples":1,
    "hr":4,
    "rbi":16,
    "bb":9,
    "so":28,
    "sb":0,
    "cs":1,
    "avg":0.252,
    "obp":0.295,
    "slg":0.400
  },
  {
    "lname":"Milone",
    "finit":"T",
    "position":"P",
    "games":3,
    "ab":8,
    "runs":2,
    "hits":2,
    "doubles":0,
    "triples":0,
    "hr":0,
    "rbi":1,
    "bb":0,
    "so":1,
    "sb":0,
    "cs":0,
    "avg":0.250,
    "obp":0.250,
    "slg":0.250
  },
  {
    "lname":"Norris",
    "finit":"D",
    "position":"C",
    "games":98,
    "ab":264,
    "runs":41,
    "hits":65,
    "doubles":16,
    "triples":0,
    "hr":9,
    "rbi":30,
    "bb":37,
    "so":71,
    "sb":5,
    "cs":0,
    "avg":0.246,
    "obp":0.345,
    "slg":0.409
  },
  {
    "lname":"Cespedes",
    "finit":"Y",
    "position":"LF",
    "games":135,
    "ab":529,
    "runs":74,
    "hits":127,
    "doubles":21,
    "triples":4,
    "hr":26,
    "rbi":80,
    "bb":37,
    "so":137,
    "sb":7,
    "cs":7,
    "avg":0.240,
    "obp":0.294,
    "slg":0.442
  },
  {
    "lname":"Reddick",
    "finit":"J",
    "position":"RF",
    "games":114,
    "ab":385,
    "runs":54,
    "hits":87,
    "doubles":19,
    "triples":2,
    "hr":12,
    "rbi":56,
    "bb":46,
    "so":86,
    "sb":9,
    "cs":2,
    "avg":0.226,
    "obp":0.307,
    "slg":0.379
  },
  {
    "lname":"Young",
    "finit":"C",
    "position":"CF",
    "games":107,
    "ab":335,
    "runs":46,
    "hits":67,
    "doubles":18,
    "triples":3,
    "hr":12,
    "rbi":40,
    "bb":36,
    "so":93,
    "sb":10,
    "cs":3,
    "avg":0.200,
    "obp":0.280,
    "slg":0.379
  },
  {
    "lname":"Rosales",
    "finit":"A",
    "position":"SS",
    "games":51,
    "ab":136,
    "runs":11,
    "hits":26,
    "doubles":5,
    "triples":0,
    "hr":4,
    "rbi":8,
    "bb":10,
    "so":31,
    "sb":0,
    "cs":0,
    "avg":0.191,
    "obp":0.267,
    "slg":0.316
  },
  {
    "lname":"Montz",
    "finit":"L",
    "position":"C",
    "games":13,
    "ab":28,
    "runs":2,
    "hits":5,
    "doubles":3,
    "triples":0,
    "hr":1,
    "rbi":5,
    "bb":1,
    "so":8,
    "sb":0,
    "cs":0,
    "avg":0.179,
    "obp":0.200,
    "slg":0.393
  }
]