[
  {
    "lname":"Dickey",
    "finit":"R",
    "position":"P",
    "games":2,
    "ab":6,
    "runs":2,
    "hits":2,
    "doubles":1,
    "triples":0,
    "hr":0,
    "rbi":1,
    "bb":0,
    "so":0,
    "sb":0,
    "cs":0,
    "avg":0.333,
    "obp":0.333,
    "slg":0.500
  },
  {
    "lname":"Reyes",
    "finit":"J",
    "position":"SS",
    "games":93,
    "ab":382,
    "runs":58,
    "hits":113,
    "doubles":20,
    "triples":0,
    "hr":10,
    "rbi":37,
    "bb":34,
    "so":47,
    "sb":15,
    "cs":6,
    "avg":0.296,
    "obp":0.353,
    "slg":0.427
  },
  {
    "lname":"Sierra",
    "finit":"M",
    "position":"RF",
    "games":35,
    "ab":107,
    "runs":11,
    "hits":31,
    "doubles":13,
    "triples":1,
    "hr":1,
    "rbi":13,
    "bb":14,
    "so":29,
    "sb":1,
    "cs":0,
    "avg":0.290,
    "obp":0.369,
    "slg":0.458
  },
  {
    "lname":"Lind",
    "finit":"A",
    "position":"1B",
    "games":143,
    "ab":465,
    "runs":67,
    "hits":134,
    "doubles":26,
    "triples":1,
    "hr":23,
    "rbi":67,
    "bb":51,
    "so":103,
    "sb":1,
    "cs":0,
    "avg":0.288,
    "obp":0.357,
    "slg":0.497
  },
  {
    "lname":"Cabrera",
    "finit":"M",
    "position":"LF",
    "games":88,
    "ab":344,
    "runs":39,
    "hits":96,
    "doubles":15,
    "triples":2,
    "hr":3,
    "rbi":30,
    "bb":23,
    "so":47,
    "sb":2,
    "cs":2,
    "avg":0.279,
    "obp":0.322,
    "slg":0.360
  },
  {
    "lname":"Rasmus",
    "finit":"C",
    "position":"CF",
    "games":118,
    "ab":417,
    "runs":57,
    "hits":115,
    "doubles":26,
    "triples":1,
    "hr":22,
    "rbi":66,
    "bb":37,
    "so":135,
    "sb":0,
    "cs":1,
    "avg":0.276,
    "obp":0.338,
    "slg":0.501
  },
  {
    "lname":"Langerhans",
    "finit":"R",
    "position":"1B",
    "games":4,
    "ab":11,
    "runs":3,
    "hits":3,
    "doubles":0,
    "triples":0,
    "hr":0,
    "rbi":0,
    "bb":2,
    "so":2,
    "sb":1,
    "cs":0,
    "avg":0.273,
    "obp":0.385,
    "slg":0.273
  },
  {
    "lname":"Encarnacion",
    "finit":"E",
    "position":"1B",
    "games":142,
    "ab":530,
    "runs":90,
    "hits":144,
    "doubles":29,
    "triples":1,
    "hr":36,
    "rbi":104,
    "bb":82,
    "so":62,
    "sb":7,
    "cs":1,
    "avg":0.272,
    "obp":0.370,
    "slg":0.534
  },
  {
    "lname":"Davis",
    "finit":"R",
    "position":"LF",
    "games":108,
    "ab":331,
    "runs":49,
    "hits":86,
    "doubles":16,
    "triples":2,
    "hr":6,
    "rbi":24,
    "bb":21,
    "so":67,
    "sb":45,
    "cs":6,
    "avg":0.260,
    "obp":0.312,
    "slg":0.375
  },
  {
    "lname":"Bautista",
    "finit":"J",
    "position":"RF",
    "games":118,
    "ab":452,
    "runs":82,
    "hits":117,
    "doubles":24,
    "triples":0,
    "hr":28,
    "rbi":73,
    "bb":69,
    "so":84,
    "sb":7,
    "cs":2,
    "avg":0.259,
    "obp":0.358,
    "slg":0.498
  },
  {
    "lname":"Gose",
    "finit":"A",
    "position":"CF",
    "games":52,
    "ab":147,
    "runs":15,
    "hits":38,
    "doubles":6,
    "triples":5,
    "hr":2,
    "rbi":12,
    "bb":5,
    "so":37,
    "sb":4,
    "cs":3,
    "avg":0.259,
    "obp":0.283,
    "slg":0.408
  },
  {
    "lname":"Lawrie",
    "finit":"B",
    "position":"3B",
    "games":107,
    "ab":401,
    "runs":41,
    "hits":102,
    "doubles":18,
    "triples":3,
    "hr":11,
    "rbi":46,
    "bb":30,
    "so":68,
    "sb":9,
    "cs":5,
    "avg":0.254,
    "obp":0.315,
    "slg":0.397
  },
  {
    "lname":"Goins",
    "finit":"R",
    "position":"2B",
    "games":34,
    "ab":119,
    "runs":11,
    "hits":30,
    "doubles":5,
    "triples":0,
    "hr":2,
    "rbi":8,
    "bb":2,
    "so":28,
    "sb":0,
    "cs":0,
    "avg":0.252,
    "obp":0.264,
    "slg":0.345
  },
  {
    "lname":"Izturis",
    "finit":"M",
    "position":"2B",
    "games":107,
    "ab":365,
    "runs":33,
    "hits":86,
    "doubles":12,
    "triples":0,
    "hr":5,
    "rbi":32,
    "bb":27,
    "so":38,
    "sb":1,
    "cs":5,
    "avg":0.236,
    "obp":0.288,
    "slg":0.310
  },
  {
    "lname":"DeRosa",
    "finit":"M",
    "position":"2B",
    "games":88,
    "ab":204,
    "runs":23,
    "hits":48,
    "doubles":12,
    "triples":1,
    "hr":7,
    "rbi":36,
    "bb":28,
    "so":49,
    "sb":0,
    "cs":0,
    "avg":0.235,
    "obp":0.326,
    "slg":0.407
  },
  {
    "lname":"Kawasaki",
    "finit":"M",
    "position":"SS",
    "games":96,
    "ab":240,
    "runs":27,
    "hits":55,
    "doubles":6,
    "triples":5,
    "hr":1,
    "rbi":24,
    "bb":32,
    "so":41,
    "sb":7,
    "cs":1,
    "avg":0.229,
    "obp":0.326,
    "slg":0.308
  },
  {
    "lname":"Bonifacio",
    "finit":"E",
    "position":"2B",
    "games":94,
    "ab":262,
    "runs":33,
    "hits":57,
    "doubles":16,
    "triples":1,
    "hr":3,
    "rbi":20,
    "bb":13,
    "so":66,
    "sb":12,
    "cs":6,
    "avg":0.218,
    "obp":0.258,
    "slg":0.321
  },
  {
    "lname":"Pillar",
    "finit":"K",
    "position":"LF",
    "games":36,
    "ab":102,
    "runs":11,
    "hits":21,
    "doubles":4,
    "triples":0,
    "hr":3,
    "rbi":13,
    "bb":4,
    "so":29,
    "sb":0,
    "cs":1,
    "avg":0.206,
    "obp":0.250,
    "slg":0.333
  },
  {
    "lname":"Arencibia",
    "finit":"J",
    "position":"C",
    "games":138,
    "ab":474,
    "runs":45,
    "hits":92,
    "doubles":18,
    "triples":0,
    "hr":21,
    "rbi":55,
    "bb":18,
    "so":148,
    "sb":0,
    "cs":2,
    "avg":0.194,
    "obp":0.227,
    "slg":0.365
  },
  {
    "lname":"Blanco",
    "finit":"H",
    "position":"C",
    "games":15,
    "ab":38,
    "runs":3,
    "hits":7,
    "doubles":3,
    "triples":0,
    "hr":0,
    "rbi":0,
    "bb":4,
    "so":10,
    "sb":0,
    "cs":0,
    "avg":0.184,
    "obp":0.262,
    "slg":0.263
  }
]