[
  {
    "lname":"DeWitt",
    "finit":"B",
    "position":"3B",
    "games":4,
    "ab":3,
    "runs":0,
    "hits":1,
    "doubles":1,
    "triples":0,
    "hr":0,
    "rbi":0,
    "bb":0,
    "so":0,
    "sb":0,
    "cs":0,
    "avg":0.333,
    "obp":0.333,
    "slg":0.667
  },
  {
    "lname":"Gosselin",
    "finit":"P",
    "position":"2B",
    "games":4,
    "ab":6,
    "runs":2,
    "hits":2,
    "doubles":0,
    "triples":0,
    "hr":0,
    "rbi":0,
    "bb":1,
    "so":2,
    "sb":0,
    "cs":0,
    "avg":0.333,
    "obp":0.429,
    "slg":0.333
  },
  {
    "lname":"Johnson",
    "finit":"C",
    "position":"3B",
    "games":142,
    "ab":514,
    "runs":54,
    "hits":165,
    "doubles":34,
    "triples":0,
    "hr":12,
    "rbi":68,
    "bb":29,
    "so":116,
    "sb":0,
    "cs":0,
    "avg":0.321,
    "obp":0.358,
    "slg":0.457
  },
  {
    "lname":"Freeman",
    "finit":"F",
    "position":"1B",
    "games":147,
    "ab":551,
    "runs":89,
    "hits":176,
    "doubles":27,
    "triples":2,
    "hr":23,
    "rbi":109,
    "bb":66,
    "so":121,
    "sb":1,
    "cs":0,
    "avg":0.319,
    "obp":0.396,
    "slg":0.501
  },
  {
    "lname":"Pastornicky",
    "finit":"T",
    "position":"2B",
    "games":20,
    "ab":30,
    "runs":5,
    "hits":9,
    "doubles":1,
    "triples":0,
    "hr":0,
    "rbi":0,
    "bb":1,
    "so":5,
    "sb":0,
    "cs":0,
    "avg":0.300,
    "obp":0.323,
    "slg":0.333
  },
  {
    "lname":"Laird",
    "finit":"G",
    "position":"C",
    "games":47,
    "ab":121,
    "runs":12,
    "hits":34,
    "doubles":8,
    "triples":0,
    "hr":1,
    "rbi":13,
    "bb":14,
    "so":23,
    "sb":1,
    "cs":1,
    "avg":0.281,
    "obp":0.367,
    "slg":0.372
  },
  {
    "lname":"Pena",
    "finit":"R",
    "position":"2B",
    "games":50,
    "ab":97,
    "runs":14,
    "hits":27,
    "doubles":5,
    "triples":1,
    "hr":3,
    "rbi":12,
    "bb":8,
    "so":18,
    "sb":0,
    "cs":2,
    "avg":0.278,
    "obp":0.330,
    "slg":0.443
  },
  {
    "lname":"Upton",
    "finit":"J",
    "position":"LF",
    "games":149,
    "ab":558,
    "runs":94,
    "hits":147,
    "doubles":27,
    "triples":2,
    "hr":27,
    "rbi":70,
    "bb":75,
    "so":161,
    "sb":8,
    "cs":1,
    "avg":0.263,
    "obp":0.354,
    "slg":0.464
  },
  {
    "lname":"Johnson",
    "finit":"E",
    "position":"2B",
    "games":32,
    "ab":92,
    "runs":8,
    "hits":24,
    "doubles":5,
    "triples":2,
    "hr":0,
    "rbi":10,
    "bb":8,
    "so":18,
    "sb":8,
    "cs":2,
    "avg":0.261,
    "obp":0.317,
    "slg":0.359
  },
  {
    "lname":"Constanza",
    "finit":"J",
    "position":"LF",
    "games":21,
    "ab":31,
    "runs":2,
    "hits":8,
    "doubles":0,
    "triples":0,
    "hr":0,
    "rbi":3,
    "bb":0,
    "so":5,
    "sb":0,
    "cs":3,
    "avg":0.258,
    "obp":0.258,
    "slg":0.258
  },
  {
    "lname":"McCann",
    "finit":"B",
    "position":"C",
    "games":102,
    "ab":356,
    "runs":43,
    "hits":91,
    "doubles":13,
    "triples":0,
    "hr":20,
    "rbi":57,
    "bb":39,
    "so":66,
    "sb":0,
    "cs":1,
    "avg":0.256,
    "obp":0.336,
    "slg":0.461
  },
  {
    "lname":"Heyward",
    "finit":"J",
    "position":"RF",
    "games":104,
    "ab":382,
    "runs":67,
    "hits":97,
    "doubles":22,
    "triples":1,
    "hr":14,
    "rbi":38,
    "bb":48,
    "so":73,
    "sb":2,
    "cs":4,
    "avg":0.254,
    "obp":0.349,
    "slg":0.427
  },
  {
    "lname":"Cunningham",
    "finit":"T",
    "position":"LF",
    "games":8,
    "ab":8,
    "runs":2,
    "hits":2,
    "doubles":0,
    "triples":0,
    "hr":0,
    "rbi":0,
    "bb":0,
    "so":3,
    "sb":0,
    "cs":0,
    "avg":0.250,
    "obp":0.250,
    "slg":0.250
  },
  {
    "lname":"Simmons",
    "finit":"A",
    "position":"SS",
    "games":157,
    "ab":606,
    "runs":76,
    "hits":150,
    "doubles":27,
    "triples":6,
    "hr":17,
    "rbi":59,
    "bb":40,
    "so":55,
    "sb":6,
    "cs":5,
    "avg":0.248,
    "obp":0.296,
    "slg":0.396
  },
  {
    "lname":"Schafer",
    "finit":"J",
    "position":"CF",
    "games":94,
    "ab":231,
    "runs":32,
    "hits":57,
    "doubles":8,
    "triples":3,
    "hr":3,
    "rbi":21,
    "bb":29,
    "so":73,
    "sb":22,
    "cs":6,
    "avg":0.247,
    "obp":0.331,
    "slg":0.346
  },
  {
    "lname":"Johnson",
    "finit":"R",
    "position":"RF",
    "games":74,
    "ab":123,
    "runs":13,
    "hits":30,
    "doubles":7,
    "triples":1,
    "hr":1,
    "rbi":11,
    "bb":6,
    "so":32,
    "sb":0,
    "cs":0,
    "avg":0.244,
    "obp":0.311,
    "slg":0.341
  },
  {
    "lname":"Gattis",
    "finit":"E",
    "position":"C",
    "games":105,
    "ab":354,
    "runs":44,
    "hits":86,
    "doubles":21,
    "triples":0,
    "hr":21,
    "rbi":65,
    "bb":21,
    "so":81,
    "sb":0,
    "cs":0,
    "avg":0.243,
    "obp":0.291,
    "slg":0.480
  },
  {
    "lname":"Francisco",
    "finit":"J",
    "position":"3B",
    "games":35,
    "ab":108,
    "runs":10,
    "hits":26,
    "doubles":2,
    "triples":0,
    "hr":5,
    "rbi":16,
    "bb":7,
    "so":43,
    "sb":0,
    "cs":1,
    "avg":0.241,
    "obp":0.287,
    "slg":0.398
  },
  {
    "lname":"Teheran",
    "finit":"J",
    "position":"P",
    "games":30,
    "ab":58,
    "runs":1,
    "hits":13,
    "doubles":3,
    "triples":0,
    "hr":0,
    "rbi":2,
    "bb":2,
    "so":16,
    "sb":0,
    "cs":0,
    "avg":0.224,
    "obp":0.250,
    "slg":0.276
  },
  {
    "lname":"Terdoslavich",
    "finit":"J",
    "position":"LF",
    "games":55,
    "ab":79,
    "runs":11,
    "hits":17,
    "doubles":4,
    "triples":0,
    "hr":0,
    "rbi":4,
    "bb":12,
    "so":24,
    "sb":1,
    "cs":0,
    "avg":0.215,
    "obp":0.315,
    "slg":0.266
  }
]