[
  {
    "lname":"Gennett",
    "finit":"S",
    "position":"2B",
    "games":69,
    "ab":213,
    "runs":29,
    "hits":69,
    "doubles":11,
    "triples":2,
    "hr":6,
    "rbi":21,
    "bb":10,
    "so":42,
    "sb":2,
    "cs":1,
    "avg":0.324,
    "obp":0.356,
    "slg":0.479
  },
  {
    "lname":"Braun",
    "finit":"R",
    "position":"RF",
    "games":61,
    "ab":225,
    "runs":30,
    "hits":67,
    "doubles":14,
    "triples":2,
    "hr":9,
    "rbi":38,
    "bb":27,
    "so":56,
    "sb":4,
    "cs":5,
    "avg":0.298,
    "obp":0.372,
    "slg":0.498
  },
  {
    "lname":"Segura",
    "finit":"J",
    "position":"SS",
    "games":146,
    "ab":588,
    "runs":74,
    "hits":173,
    "doubles":20,
    "triples":10,
    "hr":12,
    "rbi":49,
    "bb":25,
    "so":84,
    "sb":44,
    "cs":13,
    "avg":0.294,
    "obp":0.329,
    "slg":0.423
  },
  {
    "lname":"Aoki",
    "finit":"N",
    "position":"RF",
    "games":155,
    "ab":597,
    "runs":80,
    "hits":171,
    "doubles":20,
    "triples":3,
    "hr":8,
    "rbi":37,
    "bb":55,
    "so":40,
    "sb":20,
    "cs":12,
    "avg":0.286,
    "obp":0.356,
    "slg":0.370
  },
  {
    "lname":"Gomez",
    "finit":"C",
    "position":"CF",
    "games":147,
    "ab":536,
    "runs":80,
    "hits":152,
    "doubles":27,
    "triples":10,
    "hr":24,
    "rbi":73,
    "bb":37,
    "so":146,
    "sb":40,
    "cs":7,
    "avg":0.284,
    "obp":0.338,
    "slg":0.506
  },
  {
    "lname":"Ramirez",
    "finit":"A",
    "position":"3B",
    "games":92,
    "ab":304,
    "runs":43,
    "hits":86,
    "doubles":18,
    "triples":0,
    "hr":12,
    "rbi":49,
    "bb":36,
    "so":55,
    "sb":0,
    "cs":1,
    "avg":0.283,
    "obp":0.370,
    "slg":0.461
  },
  {
    "lname":"Lucroy",
    "finit":"J",
    "position":"C",
    "games":147,
    "ab":521,
    "runs":59,
    "hits":146,
    "doubles":25,
    "triples":6,
    "hr":18,
    "rbi":82,
    "bb":46,
    "so":69,
    "sb":9,
    "cs":1,
    "avg":0.280,
    "obp":0.340,
    "slg":0.455
  },
  {
    "lname":"Davis",
    "finit":"K",
    "position":"LF",
    "games":56,
    "ab":136,
    "runs":27,
    "hits":38,
    "doubles":10,
    "triples":0,
    "hr":11,
    "rbi":27,
    "bb":11,
    "so":34,
    "sb":3,
    "cs":0,
    "avg":0.279,
    "obp":0.353,
    "slg":0.596
  },
  {
    "lname":"Figaro",
    "finit":"A",
    "position":"P",
    "games":31,
    "ab":12,
    "runs":1,
    "hits":3,
    "doubles":0,
    "triples":0,
    "hr":0,
    "rbi":2,
    "bb":0,
    "so":5,
    "sb":0,
    "cs":0,
    "avg":0.250,
    "obp":0.250,
    "slg":0.250
  },
  {
    "lname":"Gindl",
    "finit":"C",
    "position":"LF",
    "games":57,
    "ab":132,
    "runs":17,
    "hits":32,
    "doubles":7,
    "triples":2,
    "hr":5,
    "rbi":14,
    "bb":20,
    "so":25,
    "sb":2,
    "cs":1,
    "avg":0.242,
    "obp":0.340,
    "slg":0.439
  },
  {
    "lname":"Halton",
    "finit":"S",
    "position":"1B",
    "games":42,
    "ab":101,
    "runs":9,
    "hits":24,
    "doubles":4,
    "triples":0,
    "hr":4,
    "rbi":17,
    "bb":5,
    "so":31,
    "sb":0,
    "cs":0,
    "avg":0.238,
    "obp":0.291,
    "slg":0.396
  },
  {
    "lname":"Bianchi",
    "finit":"J",
    "position":"3B",
    "games":100,
    "ab":236,
    "runs":22,
    "hits":56,
    "doubles":8,
    "triples":1,
    "hr":1,
    "rbi":25,
    "bb":11,
    "so":46,
    "sb":4,
    "cs":4,
    "avg":0.237,
    "obp":0.272,
    "slg":0.292
  },
  {
    "lname":"Francisco",
    "finit":"J",
    "position":"1B",
    "games":89,
    "ab":240,
    "runs":26,
    "hits":53,
    "doubles":10,
    "triples":1,
    "hr":13,
    "rbi":32,
    "bb":25,
    "so":95,
    "sb":0,
    "cs":1,
    "avg":0.221,
    "obp":0.300,
    "slg":0.433
  },
  {
    "lname":"Betancourt",
    "finit":"Y",
    "position":"1B",
    "games":137,
    "ab":391,
    "runs":35,
    "hits":83,
    "doubles":15,
    "triples":1,
    "hr":13,
    "rbi":46,
    "bb":14,
    "so":71,
    "sb":0,
    "cs":0,
    "avg":0.212,
    "obp":0.240,
    "slg":0.355
  },
  {
    "lname":"Schafer",
    "finit":"L",
    "position":"LF",
    "games":134,
    "ab":298,
    "runs":29,
    "hits":63,
    "doubles":15,
    "triples":3,
    "hr":4,
    "rbi":33,
    "bb":25,
    "so":60,
    "sb":7,
    "cs":1,
    "avg":0.211,
    "obp":0.279,
    "slg":0.322
  },
  {
    "lname":"Gallardo",
    "finit":"Y",
    "position":"P",
    "games":32,
    "ab":57,
    "runs":4,
    "hits":12,
    "doubles":2,
    "triples":0,
    "hr":2,
    "rbi":4,
    "bb":0,
    "so":29,
    "sb":0,
    "cs":0,
    "avg":0.211,
    "obp":0.211,
    "slg":0.351
  },
  {
    "lname":"Weeks",
    "finit":"R",
    "position":"2B",
    "games":104,
    "ab":350,
    "runs":40,
    "hits":73,
    "doubles":20,
    "triples":1,
    "hr":10,
    "rbi":24,
    "bb":40,
    "so":105,
    "sb":7,
    "cs":3,
    "avg":0.209,
    "obp":0.306,
    "slg":0.357
  },
  {
    "lname":"Estrada",
    "finit":"M",
    "position":"P",
    "games":19,
    "ab":34,
    "runs":1,
    "hits":7,
    "doubles":1,
    "triples":0,
    "hr":0,
    "rbi":2,
    "bb":1,
    "so":16,
    "sb":0,
    "cs":0,
    "avg":0.206,
    "obp":0.229,
    "slg":0.235
  },
  {
    "lname":"Gonzalez",
    "finit":"A",
    "position":"1B",
    "games":41,
    "ab":113,
    "runs":14,
    "hits":20,
    "doubles":3,
    "triples":0,
    "hr":1,
    "rbi":8,
    "bb":3,
    "so":26,
    "sb":0,
    "cs":0,
    "avg":0.177,
    "obp":0.203,
    "slg":0.230
  },
  {
    "lname":"Maldonado",
    "finit":"M",
    "position":"C",
    "games":67,
    "ab":183,
    "runs":13,
    "hits":31,
    "doubles":7,
    "triples":1,
    "hr":4,
    "rbi":22,
    "bb":13,
    "so":53,
    "sb":0,
    "cs":0,
    "avg":0.169,
    "obp":0.236,
    "slg":0.284
  }
]