[
  {
    "lname":"Molina",
    "finit":"Y",
    "position":"C",
    "games":136,
    "ab":505,
    "runs":68,
    "hits":161,
    "doubles":44,
    "triples":0,
    "hr":12,
    "rbi":80,
    "bb":30,
    "so":55,
    "sb":3,
    "cs":2,
    "avg":0.319,
    "obp":0.359,
    "slg":0.477
  },
  {
    "lname":"Carpenter",
    "finit":"M",
    "position":"3B",
    "games":157,
    "ab":626,
    "runs":126,
    "hits":199,
    "doubles":55,
    "triples":7,
    "hr":11,
    "rbi":78,
    "bb":72,
    "so":98,
    "sb":3,
    "cs":3,
    "avg":0.318,
    "obp":0.392,
    "slg":0.481
  },
  {
    "lname":"Craig",
    "finit":"A",
    "position":"RF",
    "games":134,
    "ab":508,
    "runs":71,
    "hits":160,
    "doubles":29,
    "triples":2,
    "hr":13,
    "rbi":97,
    "bb":40,
    "so":100,
    "sb":2,
    "cs":0,
    "avg":0.315,
    "obp":0.373,
    "slg":0.457
  },
  {
    "lname":"Holliday",
    "finit":"M",
    "position":"LF",
    "games":141,
    "ab":520,
    "runs":103,
    "hits":156,
    "doubles":31,
    "triples":1,
    "hr":22,
    "rbi":94,
    "bb":69,
    "so":86,
    "sb":6,
    "cs":1,
    "avg":0.300,
    "obp":0.389,
    "slg":0.490
  },
  {
    "lname":"Beltran",
    "finit":"C",
    "position":"RF",
    "games":145,
    "ab":554,
    "runs":79,
    "hits":164,
    "doubles":30,
    "triples":3,
    "hr":24,
    "rbi":84,
    "bb":38,
    "so":90,
    "sb":2,
    "cs":1,
    "avg":0.296,
    "obp":0.339,
    "slg":0.491
  },
  {
    "lname":"Adams",
    "finit":"M",
    "position":"1B",
    "games":108,
    "ab":296,
    "runs":46,
    "hits":84,
    "doubles":14,
    "triples":0,
    "hr":17,
    "rbi":51,
    "bb":23,
    "so":80,
    "sb":0,
    "cs":1,
    "avg":0.284,
    "obp":0.335,
    "slg":0.503
  },
  {
    "lname":"Jay",
    "finit":"J",
    "position":"CF",
    "games":157,
    "ab":548,
    "runs":75,
    "hits":151,
    "doubles":27,
    "triples":2,
    "hr":7,
    "rbi":67,
    "bb":52,
    "so":103,
    "sb":10,
    "cs":5,
    "avg":0.276,
    "obp":0.351,
    "slg":0.370
  },
  {
    "lname":"Freese",
    "finit":"D",
    "position":"3B",
    "games":138,
    "ab":462,
    "runs":53,
    "hits":121,
    "doubles":26,
    "triples":1,
    "hr":9,
    "rbi":60,
    "bb":47,
    "so":106,
    "sb":1,
    "cs":2,
    "avg":0.262,
    "obp":0.340,
    "slg":0.381
  },
  {
    "lname":"Robinson",
    "finit":"S",
    "position":"RF",
    "games":99,
    "ab":144,
    "runs":22,
    "hits":36,
    "doubles":2,
    "triples":1,
    "hr":2,
    "rbi":16,
    "bb":23,
    "so":17,
    "sb":5,
    "cs":1,
    "avg":0.250,
    "obp":0.345,
    "slg":0.319
  },
  {
    "lname":"Descalso",
    "finit":"D",
    "position":"SS",
    "games":123,
    "ab":328,
    "runs":43,
    "hits":78,
    "doubles":25,
    "triples":1,
    "hr":5,
    "rbi":43,
    "bb":22,
    "so":56,
    "sb":6,
    "cs":3,
    "avg":0.238,
    "obp":0.290,
    "slg":0.366
  },
  {
    "lname":"Kozma",
    "finit":"P",
    "position":"SS",
    "games":143,
    "ab":410,
    "runs":44,
    "hits":89,
    "doubles":20,
    "triples":0,
    "hr":1,
    "rbi":35,
    "bb":34,
    "so":91,
    "sb":3,
    "cs":1,
    "avg":0.217,
    "obp":0.275,
    "slg":0.273
  },
  {
    "lname":"Wainwright",
    "finit":"A",
    "position":"P",
    "games":32,
    "ab":71,
    "runs":4,
    "hits":15,
    "doubles":4,
    "triples":0,
    "hr":0,
    "rbi":6,
    "bb":0,
    "so":23,
    "sb":0,
    "cs":0,
    "avg":0.211,
    "obp":0.208,
    "slg":0.268
  },
  {
    "lname":"Cruz",
    "finit":"T",
    "position":"C",
    "games":51,
    "ab":123,
    "runs":13,
    "hits":25,
    "doubles":6,
    "triples":1,
    "hr":1,
    "rbi":13,
    "bb":4,
    "so":25,
    "sb":0,
    "cs":0,
    "avg":0.203,
    "obp":0.240,
    "slg":0.293
  },
  {
    "lname":"Maness",
    "finit":"S",
    "position":"P",
    "games":64,
    "ab":5,
    "runs":0,
    "hits":1,
    "doubles":0,
    "triples":0,
    "hr":0,
    "rbi":0,
    "bb":0,
    "so":3,
    "sb":0,
    "cs":0,
    "avg":0.200,
    "obp":0.200,
    "slg":0.200
  },
  {
    "lname":"Westbrook",
    "finit":"J",
    "position":"P",
    "games":19,
    "ab":34,
    "runs":5,
    "hits":6,
    "doubles":2,
    "triples":0,
    "hr":0,
    "rbi":4,
    "bb":4,
    "so":12,
    "sb":1,
    "cs":0,
    "avg":0.176,
    "obp":0.263,
    "slg":0.235
  },
  {
    "lname":"Johnson",
    "finit":"R",
    "position":"C",
    "games":20,
    "ab":35,
    "runs":2,
    "hits":6,
    "doubles":1,
    "triples":1,
    "hr":0,
    "rbi":2,
    "bb":3,
    "so":6,
    "sb":0,
    "cs":0,
    "avg":0.171,
    "obp":0.237,
    "slg":0.257
  },
  {
    "lname":"Lyons",
    "finit":"T",
    "position":"P",
    "games":11,
    "ab":12,
    "runs":0,
    "hits":2,
    "doubles":0,
    "triples":0,
    "hr":0,
    "rbi":0,
    "bb":0,
    "so":4,
    "sb":0,
    "cs":0,
    "avg":0.167,
    "obp":0.167,
    "slg":0.167
  },
  {
    "lname":"Wigginton",
    "finit":"T",
    "position":"1B",
    "games":47,
    "ab":57,
    "runs":9,
    "hits":9,
    "doubles":2,
    "triples":0,
    "hr":0,
    "rbi":3,
    "bb":5,
    "so":19,
    "sb":0,
    "cs":1,
    "avg":0.158,
    "obp":0.238,
    "slg":0.193
  },
  {
    "lname":"Chambers",
    "finit":"A",
    "position":"LF",
    "games":25,
    "ab":26,
    "runs":5,
    "hits":4,
    "doubles":1,
    "triples":0,
    "hr":0,
    "rbi":1,
    "bb":3,
    "so":11,
    "sb":0,
    "cs":1,
    "avg":0.154,
    "obp":0.241,
    "slg":0.192
  },
  {
    "lname":"Wong",
    "finit":"K",
    "position":"2B",
    "games":32,
    "ab":59,
    "runs":6,
    "hits":9,
    "doubles":1,
    "triples":0,
    "hr":0,
    "rbi":0,
    "bb":3,
    "so":12,
    "sb":3,
    "cs":0,
    "avg":0.153,
    "obp":0.194,
    "slg":0.169
  }
]