[
  {
    "lname":"McDonald",
    "finit":"D",
    "position":"RF",
    "games":25,
    "ab":53,
    "runs":4,
    "hits":16,
    "doubles":4,
    "triples":0,
    "hr":1,
    "rbi":5,
    "bb":4,
    "so":8,
    "sb":0,
    "cs":0,
    "avg":0.302,
    "obp":0.351,
    "slg":0.434
  },
  {
    "lname":"Navarro",
    "finit":"D",
    "position":"C",
    "games":89,
    "ab":240,
    "runs":31,
    "hits":72,
    "doubles":7,
    "triples":0,
    "hr":13,
    "rbi":34,
    "bb":23,
    "so":36,
    "sb":0,
    "cs":1,
    "avg":0.300,
    "obp":0.365,
    "slg":0.492
  },
  {
    "lname":"Lake",
    "finit":"J",
    "position":"LF",
    "games":64,
    "ab":236,
    "runs":26,
    "hits":67,
    "doubles":16,
    "triples":0,
    "hr":6,
    "rbi":16,
    "bb":13,
    "so":68,
    "sb":4,
    "cs":4,
    "avg":0.284,
    "obp":0.332,
    "slg":0.428
  },
  {
    "lname":"Castillo",
    "finit":"W",
    "position":"C",
    "games":113,
    "ab":380,
    "runs":41,
    "hits":104,
    "doubles":23,
    "triples":0,
    "hr":8,
    "rbi":32,
    "bb":34,
    "so":97,
    "sb":2,
    "cs":0,
    "avg":0.274,
    "obp":0.349,
    "slg":0.397
  },
  {
    "lname":"Bogusevic",
    "finit":"B",
    "position":"LF",
    "games":47,
    "ab":143,
    "runs":18,
    "hits":39,
    "doubles":7,
    "triples":1,
    "hr":6,
    "rbi":16,
    "bb":10,
    "so":35,
    "sb":2,
    "cs":0,
    "avg":0.273,
    "obp":0.323,
    "slg":0.462
  },
  {
    "lname":"Sweeney",
    "finit":"R",
    "position":"CF",
    "games":70,
    "ab":192,
    "runs":19,
    "hits":51,
    "doubles":13,
    "triples":2,
    "hr":6,
    "rbi":19,
    "bb":17,
    "so":31,
    "sb":1,
    "cs":0,
    "avg":0.266,
    "obp":0.324,
    "slg":0.448
  },
  {
    "lname":"Murphy",
    "finit":"D",
    "position":"3B",
    "games":46,
    "ab":149,
    "runs":23,
    "hits":38,
    "doubles":8,
    "triples":0,
    "hr":11,
    "rbi":23,
    "bb":8,
    "so":48,
    "sb":2,
    "cs":0,
    "avg":0.255,
    "obp":0.319,
    "slg":0.530
  },
  {
    "lname":"Soriano",
    "finit":"A",
    "position":"LF",
    "games":93,
    "ab":362,
    "runs":47,
    "hits":92,
    "doubles":24,
    "triples":1,
    "hr":17,
    "rbi":51,
    "bb":15,
    "so":89,
    "sb":10,
    "cs":5,
    "avg":0.254,
    "obp":0.287,
    "slg":0.467
  },
  {
    "lname":"Schierholtz",
    "finit":"N",
    "position":"RF",
    "games":137,
    "ab":462,
    "runs":56,
    "hits":116,
    "doubles":32,
    "triples":3,
    "hr":21,
    "rbi":68,
    "bb":29,
    "so":94,
    "sb":6,
    "cs":3,
    "avg":0.251,
    "obp":0.301,
    "slg":0.470
  },
  {
    "lname":"DeJesus",
    "finit":"D",
    "position":"CF",
    "games":84,
    "ab":284,
    "runs":39,
    "hits":71,
    "doubles":19,
    "triples":3,
    "hr":6,
    "rbi":27,
    "bb":29,
    "so":55,
    "sb":3,
    "cs":0,
    "avg":0.250,
    "obp":0.330,
    "slg":0.401
  },
  {
    "lname":"Castro",
    "finit":"S",
    "position":"SS",
    "games":161,
    "ab":666,
    "runs":59,
    "hits":163,
    "doubles":34,
    "triples":2,
    "hr":10,
    "rbi":44,
    "bb":30,
    "so":129,
    "sb":9,
    "cs":6,
    "avg":0.245,
    "obp":0.284,
    "slg":0.347
  },
  {
    "lname":"Gillespie",
    "finit":"C",
    "position":"LF",
    "games":25,
    "ab":50,
    "runs":6,
    "hits":12,
    "doubles":2,
    "triples":0,
    "hr":0,
    "rbi":4,
    "bb":6,
    "so":13,
    "sb":0,
    "cs":0,
    "avg":0.240,
    "obp":0.328,
    "slg":0.280
  },
  {
    "lname":"Sappelt",
    "finit":"D",
    "position":"CF",
    "games":31,
    "ab":75,
    "runs":6,
    "hits":18,
    "doubles":3,
    "triples":0,
    "hr":0,
    "rbi":4,
    "bb":3,
    "so":14,
    "sb":3,
    "cs":1,
    "avg":0.240,
    "obp":0.269,
    "slg":0.280
  },
  {
    "lname":"Rizzo",
    "finit":"A",
    "position":"1B",
    "games":160,
    "ab":606,
    "runs":71,
    "hits":141,
    "doubles":40,
    "triples":2,
    "hr":23,
    "rbi":80,
    "bb":76,
    "so":127,
    "sb":6,
    "cs":5,
    "avg":0.233,
    "obp":0.323,
    "slg":0.419
  },
  {
    "lname":"Boscan",
    "finit":"J",
    "position":"C",
    "games":6,
    "ab":9,
    "runs":1,
    "hits":2,
    "doubles":1,
    "triples":0,
    "hr":0,
    "rbi":0,
    "bb":0,
    "so":2,
    "sb":0,
    "cs":0,
    "avg":0.222,
    "obp":0.300,
    "slg":0.333
  },
  {
    "lname":"Garza",
    "finit":"M",
    "position":"P",
    "games":8,
    "ab":18,
    "runs":1,
    "hits":4,
    "doubles":1,
    "triples":0,
    "hr":0,
    "rbi":2,
    "bb":0,
    "so":9,
    "sb":0,
    "cs":0,
    "avg":0.222,
    "obp":0.263,
    "slg":0.278
  },
  {
    "lname":"Wood",
    "finit":"T",
    "position":"P",
    "games":35,
    "ab":63,
    "runs":8,
    "hits":14,
    "doubles":1,
    "triples":0,
    "hr":3,
    "rbi":8,
    "bb":3,
    "so":21,
    "sb":1,
    "cs":0,
    "avg":0.222,
    "obp":0.258,
    "slg":0.381
  },
  {
    "lname":"Valbuena",
    "finit":"L",
    "position":"3B",
    "games":108,
    "ab":331,
    "runs":34,
    "hits":72,
    "doubles":15,
    "triples":1,
    "hr":12,
    "rbi":37,
    "bb":53,
    "so":63,
    "sb":1,
    "cs":4,
    "avg":0.218,
    "obp":0.331,
    "slg":0.378
  },
  {
    "lname":"Gonzalez",
    "finit":"A",
    "position":"2B",
    "games":11,
    "ab":23,
    "runs":3,
    "hits":5,
    "doubles":1,
    "triples":0,
    "hr":1,
    "rbi":2,
    "bb":2,
    "so":6,
    "sb":0,
    "cs":0,
    "avg":0.217,
    "obp":0.269,
    "slg":0.391
  },
  {
    "lname":"Watkins",
    "finit":"L",
    "position":"2B",
    "games":27,
    "ab":38,
    "runs":2,
    "hits":8,
    "doubles":1,
    "triples":0,
    "hr":0,
    "rbi":0,
    "bb":3,
    "so":14,
    "sb":0,
    "cs":0,
    "avg":0.211,
    "obp":0.268,
    "slg":0.237
  }
]