[
  {
    "lname":"Bloomquist",
    "finit":"W",
    "position":"2B",
    "games":48,
    "ab":139,
    "runs":16,
    "hits":44,
    "doubles":5,
    "triples":1,
    "hr":0,
    "rbi":14,
    "bb":8,
    "so":11,
    "sb":0,
    "cs":2,
    "avg":0.317,
    "obp":0.360,
    "slg":0.367
  },
  {
    "lname":"Goldschmidt",
    "finit":"P",
    "position":"1B",
    "games":160,
    "ab":602,
    "runs":103,
    "hits":182,
    "doubles":36,
    "triples":3,
    "hr":36,
    "rbi":125,
    "bb":99,
    "so":145,
    "sb":15,
    "cs":7,
    "avg":0.302,
    "obp":0.401,
    "slg":0.952
  },
  {
    "lname":"Nieves",
    "finit":"W",
    "position":"C",
    "games":71,
    "ab":195,
    "runs":16,
    "hits":58,
    "doubles":11,
    "triples":0,
    "hr":1,
    "rbi":22,
    "bb":8,
    "so":32,
    "sb":0,
    "cs":0,
    "avg":0.297,
    "obp":0.320,
    "slg":0.369
  },
  {
    "lname":"Owings",
    "finit":"C",
    "position":"SS",
    "games":20,
    "ab":55,
    "runs":5,
    "hits":16,
    "doubles":5,
    "triples":0,
    "hr":0,
    "rbi":5,
    "bb":6,
    "so":10,
    "sb":2,
    "cs":0,
    "avg":0.291,
    "obp":0.361,
    "slg":0.382
  },
  {
    "lname":"Hill",
    "finit":"A",
    "position":"2B",
    "games":87,
    "ab":327,
    "runs":45,
    "hits":95,
    "doubles":21,
    "triples":1,
    "hr":11,
    "rbi":41,
    "bb":29,
    "so":48,
    "sb":1,
    "cs":4,
    "avg":0.291,
    "obp":0.356,
    "slg":0.462
  },
  {
    "lname":"Prado",
    "finit":"M",
    "position":"3B",
    "games":155,
    "ab":609,
    "runs":70,
    "hits":172,
    "doubles":36,
    "triples":2,
    "hr":14,
    "rbi":82,
    "bb":47,
    "so":53,
    "sb":3,
    "cs":5,
    "avg":0.282,
    "obp":0.333,
    "slg":0.417
  },
  {
    "lname":"Chavez",
    "finit":"E",
    "position":"3B",
    "games":80,
    "ab":228,
    "runs":28,
    "hits":64,
    "doubles":14,
    "triples":2,
    "hr":9,
    "rbi":44,
    "bb":19,
    "so":45,
    "sb":1,
    "cs":0,
    "avg":0.281,
    "obp":0.332,
    "slg":0.478
  },
  {
    "lname":"Ross",
    "finit":"C",
    "position":"LF",
    "games":94,
    "ab":317,
    "runs":33,
    "hits":88,
    "doubles":17,
    "triples":1,
    "hr":8,
    "rbi":38,
    "bb":25,
    "so":50,
    "sb":3,
    "cs":2,
    "avg":0.278,
    "obp":0.331,
    "slg":0.413
  },
  {
    "lname":"Pollock",
    "finit":"A",
    "position":"CF",
    "games":137,
    "ab":443,
    "runs":64,
    "hits":119,
    "doubles":28,
    "triples":5,
    "hr":8,
    "rbi":38,
    "bb":33,
    "so":82,
    "sb":12,
    "cs":3,
    "avg":0.269,
    "obp":0.322,
    "slg":0.409
  },
  {
    "lname":"Parra",
    "finit":"G",
    "position":"RF",
    "games":156,
    "ab":601,
    "runs":79,
    "hits":161,
    "doubles":43,
    "triples":4,
    "hr":10,
    "rbi":48,
    "bb":48,
    "so":100,
    "sb":10,
    "cs":10,
    "avg":0.268,
    "obp":0.323,
    "slg":0.403
  },
  {
    "lname":"Campana",
    "finit":"T",
    "position":"CF",
    "games":29,
    "ab":46,
    "runs":10,
    "hits":12,
    "doubles":0,
    "triples":1,
    "hr":0,
    "rbi":0,
    "bb":8,
    "so":14,
    "sb":8,
    "cs":2,
    "avg":0.261,
    "obp":0.370,
    "slg":0.304
  },
  {
    "lname":"Gregorius",
    "finit":"D",
    "position":"SS",
    "games":103,
    "ab":357,
    "runs":47,
    "hits":90,
    "doubles":16,
    "triples":3,
    "hr":7,
    "rbi":28,
    "bb":37,
    "so":65,
    "sb":0,
    "cs":2,
    "avg":0.252,
    "obp":0.332,
    "slg":0.373
  },
  {
    "lname":"Eaton",
    "finit":"A",
    "position":"LF",
    "games":66,
    "ab":250,
    "runs":40,
    "hits":63,
    "doubles":10,
    "triples":4,
    "hr":3,
    "rbi":22,
    "bb":17,
    "so":44,
    "sb":5,
    "cs":2,
    "avg":0.252,
    "obp":0.314,
    "slg":0.360
  },
  {
    "lname":"Pennington",
    "finit":"C",
    "position":"SS",
    "games":96,
    "ab":269,
    "runs":25,
    "hits":65,
    "doubles":13,
    "triples":1,
    "hr":1,
    "rbi":18,
    "bb":26,
    "so":54,
    "sb":2,
    "cs":0,
    "avg":0.242,
    "obp":0.310,
    "slg":0.309
  },
  {
    "lname":"Davidson",
    "finit":"M",
    "position":"3B",
    "games":31,
    "ab":76,
    "runs":8,
    "hits":18,
    "doubles":6,
    "triples":0,
    "hr":3,
    "rbi":12,
    "bb":10,
    "so":24,
    "sb":0,
    "cs":1,
    "avg":0.237,
    "obp":0.333,
    "slg":0.434
  },
  {
    "lname":"Montero",
    "finit":"M",
    "position":"C",
    "games":116,
    "ab":413,
    "runs":44,
    "hits":95,
    "doubles":14,
    "triples":0,
    "hr":11,
    "rbi":42,
    "bb":51,
    "so":110,
    "sb":0,
    "cs":0,
    "avg":0.230,
    "obp":0.318,
    "slg":0.344
  },
  {
    "lname":"Kubel",
    "finit":"J",
    "position":"LF",
    "games":89,
    "ab":241,
    "runs":21,
    "hits":53,
    "doubles":8,
    "triples":1,
    "hr":5,
    "rbi":32,
    "bb":24,
    "so":82,
    "sb":0,
    "cs":1,
    "avg":0.220,
    "obp":0.288,
    "slg":0.324
  },
  {
    "lname":"Delgado",
    "finit":"R",
    "position":"P",
    "games":20,
    "ab":32,
    "runs":2,
    "hits":7,
    "doubles":0,
    "triples":0,
    "hr":0,
    "rbi":1,
    "bb":1,
    "so":13,
    "sb":0,
    "cs":0,
    "avg":0.219,
    "obp":0.242,
    "slg":0.219
  },
  {
    "lname":"Skaggs",
    "finit":"T",
    "position":"P",
    "games":7,
    "ab":10,
    "runs":0,
    "hits":2,
    "doubles":0,
    "triples":0,
    "hr":0,
    "rbi":1,
    "bb":0,
    "so":5,
    "sb":0,
    "cs":0,
    "avg":0.200,
    "obp":0.200,
    "slg":0.200
  },
  {
    "lname":"Wilson",
    "finit":"J",
    "position":"2B",
    "games":30,
    "ab":60,
    "runs":9,
    "hits":12,
    "doubles":1,
    "triples":1,
    "hr":1,
    "rbi":4,
    "bb":5,
    "so":17,
    "sb":0,
    "cs":0,
    "avg":0.200,
    "obp":0.262,
    "slg":0.300
  }
]