[
  {
    "lname":"Ramirez",
    "finit":"H",
    "position":"SS",
    "games":86,
    "ab":304,
    "runs":62,
    "hits":105,
    "doubles":25,
    "triples":2,
    "hr":20,
    "rbi":57,
    "bb":27,
    "so":52,
    "sb":10,
    "cs":2,
    "avg":0.345,
    "obp":0.402,
    "slg":0.638
  },
  {
    "lname":"Greinke",
    "finit":"Z",
    "position":"P",
    "games":29,
    "ab":58,
    "runs":5,
    "hits":19,
    "doubles":3,
    "triples":0,
    "hr":0,
    "rbi":4,
    "bb":7,
    "so":10,
    "sb":2,
    "cs":0,
    "avg":0.328,
    "obp":0.409,
    "slg":0.379
  },
  {
    "lname":"Puig",
    "finit":"Y",
    "position":"RF",
    "games":104,
    "ab":382,
    "runs":66,
    "hits":122,
    "doubles":21,
    "triples":2,
    "hr":19,
    "rbi":42,
    "bb":36,
    "so":97,
    "sb":11,
    "cs":8,
    "avg":0.319,
    "obp":0.391,
    "slg":0.534
  },
  {
    "lname":"Young",
    "finit":"M",
    "position":"3B",
    "games":21,
    "ab":51,
    "runs":3,
    "hits":16,
    "doubles":2,
    "triples":1,
    "hr":0,
    "rbi":4,
    "bb":1,
    "so":5,
    "sb":0,
    "cs":0,
    "avg":0.314,
    "obp":0.321,
    "slg":0.392
  },
  {
    "lname":"Gonzalez",
    "finit":"A",
    "position":"1B",
    "games":157,
    "ab":583,
    "runs":69,
    "hits":171,
    "doubles":32,
    "triples":0,
    "hr":22,
    "rbi":100,
    "bb":47,
    "so":98,
    "sb":1,
    "cs":0,
    "avg":0.293,
    "obp":0.342,
    "slg":0.461
  },
  {
    "lname":"Crawford",
    "finit":"C",
    "position":"LF",
    "games":116,
    "ab":435,
    "runs":62,
    "hits":123,
    "doubles":30,
    "triples":3,
    "hr":6,
    "rbi":31,
    "bb":28,
    "so":66,
    "sb":15,
    "cs":4,
    "avg":0.283,
    "obp":0.329,
    "slg":0.407
  },
  {
    "lname":"Uribe",
    "finit":"J",
    "position":"3B",
    "games":132,
    "ab":388,
    "runs":47,
    "hits":108,
    "doubles":22,
    "triples":2,
    "hr":12,
    "rbi":50,
    "bb":30,
    "so":81,
    "sb":5,
    "cs":0,
    "avg":0.278,
    "obp":0.331,
    "slg":0.438
  },
  {
    "lname":"Ethier",
    "finit":"A",
    "position":"CF",
    "games":142,
    "ab":482,
    "runs":54,
    "hits":131,
    "doubles":33,
    "triples":2,
    "hr":12,
    "rbi":52,
    "bb":61,
    "so":95,
    "sb":4,
    "cs":3,
    "avg":0.272,
    "obp":0.360,
    "slg":0.423
  },
  {
    "lname":"Ellis",
    "finit":"M",
    "position":"2B",
    "games":126,
    "ab":433,
    "runs":46,
    "hits":117,
    "doubles":13,
    "triples":2,
    "hr":6,
    "rbi":48,
    "bb":26,
    "so":74,
    "sb":4,
    "cs":1,
    "avg":0.270,
    "obp":0.323,
    "slg":0.351
  },
  {
    "lname":"Kemp",
    "finit":"M",
    "position":"CF",
    "games":73,
    "ab":263,
    "runs":35,
    "hits":71,
    "doubles":15,
    "triples":0,
    "hr":6,
    "rbi":33,
    "bb":22,
    "so":76,
    "sb":9,
    "cs":0,
    "avg":0.270,
    "obp":0.328,
    "slg":0.395
  },
  {
    "lname":"Schumaker",
    "finit":"S",
    "position":"CF",
    "games":125,
    "ab":319,
    "runs":31,
    "hits":84,
    "doubles":16,
    "triples":0,
    "hr":2,
    "rbi":30,
    "bb":28,
    "so":54,
    "sb":2,
    "cs":2,
    "avg":0.263,
    "obp":0.332,
    "slg":0.332
  },
  {
    "lname":"Punto",
    "finit":"N",
    "position":"SS",
    "games":116,
    "ab":294,
    "runs":34,
    "hits":75,
    "doubles":15,
    "triples":0,
    "hr":2,
    "rbi":21,
    "bb":33,
    "so":67,
    "sb":3,
    "cs":3,
    "avg":0.255,
    "obp":0.328,
    "slg":0.327
  },
  {
    "lname":"Herrera",
    "finit":"E",
    "position":"LF",
    "games":4,
    "ab":8,
    "runs":0,
    "hits":2,
    "doubles":0,
    "triples":0,
    "hr":0,
    "rbi":0,
    "bb":0,
    "so":2,
    "sb":0,
    "cs":0,
    "avg":0.250,
    "obp":0.250,
    "slg":0.250
  },
  {
    "lname":"Van Slyke",
    "finit":"S",
    "position":"LF",
    "games":53,
    "ab":129,
    "runs":13,
    "hits":31,
    "doubles":8,
    "triples":0,
    "hr":7,
    "rbi":19,
    "bb":20,
    "so":37,
    "sb":1,
    "cs":1,
    "avg":0.240,
    "obp":0.342,
    "slg":0.465
  },
  {
    "lname":"Ellis",
    "finit":"A",
    "position":"C",
    "games":115,
    "ab":390,
    "runs":43,
    "hits":93,
    "doubles":17,
    "triples":1,
    "hr":10,
    "rbi":52,
    "bb":45,
    "so":78,
    "sb":0,
    "cs":2,
    "avg":0.238,
    "obp":0.318,
    "slg":0.364
  },
  {
    "lname":"Gordon",
    "finit":"D",
    "position":"2B",
    "games":38,
    "ab":94,
    "runs":9,
    "hits":22,
    "doubles":1,
    "triples":1,
    "hr":1,
    "rbi":6,
    "bb":10,
    "so":21,
    "sb":10,
    "cs":2,
    "avg":0.234,
    "obp":0.314,
    "slg":0.298
  },
  {
    "lname":"Federowicz",
    "finit":"T",
    "position":"C",
    "games":56,
    "ab":160,
    "runs":12,
    "hits":37,
    "doubles":8,
    "triples":0,
    "hr":4,
    "rbi":16,
    "bb":10,
    "so":56,
    "sb":0,
    "cs":0,
    "avg":0.231,
    "obp":0.275,
    "slg":0.356
  },
  {
    "lname":"Hairston",
    "finit":"J",
    "position":"3B",
    "games":96,
    "ab":204,
    "runs":17,
    "hits":43,
    "doubles":7,
    "triples":0,
    "hr":2,
    "rbi":22,
    "bb":14,
    "so":22,
    "sb":0,
    "cs":0,
    "avg":0.211,
    "obp":0.265,
    "slg":0.275
  },
  {
    "lname":"Hernandez",
    "finit":"R",
    "position":"C",
    "games":17,
    "ab":48,
    "runs":4,
    "hits":10,
    "doubles":2,
    "triples":0,
    "hr":3,
    "rbi":6,
    "bb":6,
    "so":7,
    "sb":1,
    "cs":0,
    "avg":0.208,
    "obp":0.291,
    "slg":0.438
  },
  {
    "lname":"Ryu",
    "finit":"H",
    "position":"P",
    "games":27,
    "ab":58,
    "runs":5,
    "hits":12,
    "doubles":3,
    "triples":1,
    "hr":0,
    "rbi":5,
    "bb":2,
    "so":23,
    "sb":0,
    "cs":0,
    "avg":0.207,
    "obp":0.233,
    "slg":0.293
  }
]