[
  {
    "lname":"Scutaro",
    "finit":"M",
    "position":"2B",
    "games":127,
    "ab":488,
    "runs":57,
    "hits":145,
    "doubles":23,
    "triples":3,
    "hr":2,
    "rbi":31,
    "bb":45,
    "so":34,
    "sb":2,
    "cs":0,
    "avg":0.297,
    "obp":0.357,
    "slg":0.369
  },
  {
    "lname":"Posey",
    "finit":"B",
    "position":"C",
    "games":148,
    "ab":520,
    "runs":61,
    "hits":153,
    "doubles":34,
    "triples":1,
    "hr":15,
    "rbi":72,
    "bb":60,
    "so":70,
    "sb":2,
    "cs":1,
    "avg":0.294,
    "obp":0.371,
    "slg":0.450
  },
  {
    "lname":"Belt",
    "finit":"B",
    "position":"1B",
    "games":150,
    "ab":509,
    "runs":76,
    "hits":147,
    "doubles":39,
    "triples":4,
    "hr":17,
    "rbi":67,
    "bb":52,
    "so":125,
    "sb":5,
    "cs":2,
    "avg":0.289,
    "obp":0.360,
    "slg":0.481
  },
  {
    "lname":"Pence",
    "finit":"H",
    "position":"RF",
    "games":162,
    "ab":629,
    "runs":91,
    "hits":178,
    "doubles":35,
    "triples":5,
    "hr":27,
    "rbi":99,
    "bb":52,
    "so":115,
    "sb":22,
    "cs":3,
    "avg":0.283,
    "obp":0.339,
    "slg":0.483
  },
  {
    "lname":"Pagan",
    "finit":"A",
    "position":"CF",
    "games":71,
    "ab":280,
    "runs":44,
    "hits":79,
    "doubles":16,
    "triples":3,
    "hr":5,
    "rbi":30,
    "bb":23,
    "so":36,
    "sb":9,
    "cs":4,
    "avg":0.282,
    "obp":0.334,
    "slg":0.414
  },
  {
    "lname":"Sandoval",
    "finit":"P",
    "position":"3B",
    "games":141,
    "ab":525,
    "runs":52,
    "hits":146,
    "doubles":27,
    "triples":2,
    "hr":14,
    "rbi":79,
    "bb":47,
    "so":79,
    "sb":0,
    "cs":0,
    "avg":0.278,
    "obp":0.341,
    "slg":0.417
  },
  {
    "lname":"Arias",
    "finit":"J",
    "position":"3B",
    "games":102,
    "ab":225,
    "runs":17,
    "hits":61,
    "doubles":9,
    "triples":2,
    "hr":1,
    "rbi":19,
    "bb":4,
    "so":33,
    "sb":1,
    "cs":0,
    "avg":0.271,
    "obp":0.284,
    "slg":0.342
  },
  {
    "lname":"Abreu",
    "finit":"T",
    "position":"2B",
    "games":53,
    "ab":138,
    "runs":21,
    "hits":37,
    "doubles":12,
    "triples":3,
    "hr":2,
    "rbi":14,
    "bb":6,
    "so":33,
    "sb":0,
    "cs":2,
    "avg":0.268,
    "obp":0.301,
    "slg":0.442
  },
  {
    "lname":"Tanaka",
    "finit":"K",
    "position":"LF",
    "games":15,
    "ab":30,
    "runs":4,
    "hits":8,
    "doubles":0,
    "triples":0,
    "hr":0,
    "rbi":2,
    "bb":4,
    "so":3,
    "sb":2,
    "cs":0,
    "avg":0.267,
    "obp":0.353,
    "slg":0.267
  },
  {
    "lname":"Blanco",
    "finit":"G",
    "position":"CF",
    "games":141,
    "ab":452,
    "runs":50,
    "hits":120,
    "doubles":17,
    "triples":6,
    "hr":3,
    "rbi":41,
    "bb":52,
    "so":95,
    "sb":14,
    "cs":9,
    "avg":0.265,
    "obp":0.341,
    "slg":0.350
  },
  {
    "lname":"Perez",
    "finit":"J",
    "position":"CF",
    "games":34,
    "ab":89,
    "runs":8,
    "hits":23,
    "doubles":5,
    "triples":0,
    "hr":1,
    "rbi":8,
    "bb":6,
    "so":21,
    "sb":2,
    "cs":0,
    "avg":0.258,
    "obp":0.302,
    "slg":0.348
  },
  {
    "lname":"Torres",
    "finit":"A",
    "position":"LF",
    "games":103,
    "ab":272,
    "runs":33,
    "hits":68,
    "doubles":17,
    "triples":1,
    "hr":2,
    "rbi":21,
    "bb":22,
    "so":61,
    "sb":4,
    "cs":3,
    "avg":0.250,
    "obp":0.302,
    "slg":0.342
  },
  {
    "lname":"Crawford",
    "finit":"B",
    "position":"SS",
    "games":149,
    "ab":499,
    "runs":52,
    "hits":124,
    "doubles":24,
    "triples":3,
    "hr":9,
    "rbi":43,
    "bb":42,
    "so":96,
    "sb":1,
    "cs":2,
    "avg":0.248,
    "obp":0.311,
    "slg":0.363
  },
  {
    "lname":"Sanchez",
    "finit":"H",
    "position":"C",
    "games":63,
    "ab":129,
    "runs":8,
    "hits":32,
    "doubles":4,
    "triples":0,
    "hr":3,
    "rbi":19,
    "bb":7,
    "so":29,
    "sb":0,
    "cs":0,
    "avg":0.248,
    "obp":0.300,
    "slg":0.349
  },
  {
    "lname":"Pill",
    "finit":"B",
    "position":"1B",
    "games":48,
    "ab":85,
    "runs":11,
    "hits":19,
    "doubles":4,
    "triples":0,
    "hr":3,
    "rbi":12,
    "bb":5,
    "so":17,
    "sb":0,
    "cs":0,
    "avg":0.224,
    "obp":0.272,
    "slg":0.376
  },
  {
    "lname":"Adrianza",
    "finit":"E",
    "position":"SS",
    "games":9,
    "ab":18,
    "runs":3,
    "hits":4,
    "doubles":1,
    "triples":0,
    "hr":1,
    "rbi":3,
    "bb":1,
    "so":5,
    "sb":0,
    "cs":0,
    "avg":0.222,
    "obp":0.263,
    "slg":0.444
  },
  {
    "lname":"Noonan",
    "finit":"N",
    "position":"2B",
    "games":62,
    "ab":105,
    "runs":12,
    "hits":23,
    "doubles":2,
    "triples":0,
    "hr":0,
    "rbi":5,
    "bb":6,
    "so":24,
    "sb":0,
    "cs":0,
    "avg":0.219,
    "obp":0.261,
    "slg":0.238
  },
  {
    "lname":"Peguero",
    "finit":"F",
    "position":"LF",
    "games":18,
    "ab":29,
    "runs":4,
    "hits":6,
    "doubles":1,
    "triples":0,
    "hr":1,
    "rbi":1,
    "bb":1,
    "so":2,
    "sb":2,
    "cs":0,
    "avg":0.207,
    "obp":0.233,
    "slg":0.345
  },
  {
    "lname":"Kieschnick",
    "finit":"R",
    "position":"LF",
    "games":38,
    "ab":84,
    "runs":6,
    "hits":17,
    "doubles":0,
    "triples":1,
    "hr":0,
    "rbi":5,
    "bb":11,
    "so":29,
    "sb":0,
    "cs":0,
    "avg":0.202,
    "obp":0.295,
    "slg":0.226
  },
  {
    "lname":"Francoeur",
    "finit":"J",
    "position":"RF",
    "games":22,
    "ab":62,
    "runs":1,
    "hits":12,
    "doubles":2,
    "triples":0,
    "hr":0,
    "rbi":4,
    "bb":1,
    "so":12,
    "sb":1,
    "cs":0,
    "avg":0.194,
    "obp":0.206,
    "slg":0.226
  }
]