[
  {
    "lname":"Carson",
    "finit":"M",
    "position":"RF",
    "games":20,
    "ab":11,
    "runs":5,
    "hits":7,
    "doubles":0,
    "triples":0,
    "hr":1,
    "rbi":3,
    "bb":1,
    "so":1,
    "sb":3,
    "cs":0,
    "avg":0.636,
    "obp":0.692,
    "slg":0.909
  },
  {
    "lname":"Carrera",
    "finit":"E",
    "position":"RF",
    "games":2,
    "ab":4,
    "runs":1,
    "hits":2,
    "doubles":0,
    "triples":0,
    "hr":0,
    "rbi":1,
    "bb":0,
    "so":1,
    "sb":0,
    "cs":0,
    "avg":0.500,
    "obp":0.500,
    "slg":0.500
  },
  {
    "lname":"Masterson",
    "finit":"J",
    "position":"P",
    "games":1,
    "ab":2,
    "runs":0,
    "hits":1,
    "doubles":0,
    "triples":0,
    "hr":0,
    "rbi":0,
    "bb":0,
    "so":0,
    "sb":0,
    "cs":0,
    "avg":0.500,
    "obp":0.500,
    "slg":0.500
  },
  {
    "lname":"Ramirez",
    "finit":"J",
    "position":"2B",
    "games":15,
    "ab":12,
    "runs":5,
    "hits":4,
    "doubles":0,
    "triples":1,
    "hr":0,
    "rbi":0,
    "bb":2,
    "so":2,
    "sb":0,
    "cs":1,
    "avg":0.333,
    "obp":0.429,
    "slg":0.500
  },
  {
    "lname":"Gomes",
    "finit":"Y",
    "position":"C",
    "games":88,
    "ab":293,
    "runs":45,
    "hits":86,
    "doubles":18,
    "triples":2,
    "hr":11,
    "rbi":38,
    "bb":18,
    "so":67,
    "sb":2,
    "cs":0,
    "avg":0.294,
    "obp":0.345,
    "slg":0.481
  },
  {
    "lname":"Brantley",
    "finit":"M",
    "position":"LF",
    "games":151,
    "ab":556,
    "runs":66,
    "hits":158,
    "doubles":26,
    "triples":3,
    "hr":10,
    "rbi":73,
    "bb":40,
    "so":67,
    "sb":17,
    "cs":4,
    "avg":0.284,
    "obp":0.332,
    "slg":0.396
  },
  {
    "lname":"Kipnis",
    "finit":"J",
    "position":"2B",
    "games":149,
    "ab":564,
    "runs":86,
    "hits":160,
    "doubles":36,
    "triples":4,
    "hr":17,
    "rbi":84,
    "bb":76,
    "so":143,
    "sb":30,
    "cs":7,
    "avg":0.284,
    "obp":0.366,
    "slg":0.452
  },
  {
    "lname":"Raburn",
    "finit":"R",
    "position":"RF",
    "games":86,
    "ab":243,
    "runs":40,
    "hits":66,
    "doubles":18,
    "triples":0,
    "hr":16,
    "rbi":55,
    "bb":29,
    "so":67,
    "sb":0,
    "cs":0,
    "avg":0.272,
    "obp":0.357,
    "slg":0.543
  },
  {
    "lname":"Santana",
    "finit":"C",
    "position":"3B",
    "games":154,
    "ab":541,
    "runs":75,
    "hits":145,
    "doubles":39,
    "triples":1,
    "hr":20,
    "rbi":74,
    "bb":93,
    "so":110,
    "sb":3,
    "cs":1,
    "avg":0.268,
    "obp":0.377,
    "slg":0.455
  },
  {
    "lname":"Bourn",
    "finit":"M",
    "position":"CF",
    "games":130,
    "ab":525,
    "runs":75,
    "hits":138,
    "doubles":21,
    "triples":6,
    "hr":6,
    "rbi":50,
    "bb":40,
    "so":132,
    "sb":23,
    "cs":12,
    "avg":0.263,
    "obp":0.316,
    "slg":0.360
  },
  {
    "lname":"Aviles",
    "finit":"M",
    "position":"3B",
    "games":124,
    "ab":361,
    "runs":54,
    "hits":91,
    "doubles":15,
    "triples":0,
    "hr":9,
    "rbi":46,
    "bb":15,
    "so":41,
    "sb":8,
    "cs":5,
    "avg":0.252,
    "obp":0.282,
    "slg":0.368
  },
  {
    "lname":"Kazmir",
    "finit":"S",
    "position":"P",
    "games":2,
    "ab":4,
    "runs":0,
    "hits":1,
    "doubles":0,
    "triples":0,
    "hr":0,
    "rbi":0,
    "bb":0,
    "so":1,
    "sb":0,
    "cs":0,
    "avg":0.250,
    "obp":0.250,
    "slg":0.250
  },
  {
    "lname":"Swisher",
    "finit":"N",
    "position":"1B",
    "games":145,
    "ab":549,
    "runs":74,
    "hits":135,
    "doubles":27,
    "triples":2,
    "hr":22,
    "rbi":63,
    "bb":77,
    "so":138,
    "sb":1,
    "cs":0,
    "avg":0.246,
    "obp":0.341,
    "slg":0.423
  },
  {
    "lname":"Cabrera",
    "finit":"A",
    "position":"SS",
    "games":136,
    "ab":508,
    "runs":66,
    "hits":123,
    "doubles":35,
    "triples":2,
    "hr":14,
    "rbi":64,
    "bb":35,
    "so":114,
    "sb":9,
    "cs":3,
    "avg":0.242,
    "obp":0.299,
    "slg":0.402
  },
  {
    "lname":"Stubbs",
    "finit":"D",
    "position":"RF",
    "games":146,
    "ab":430,
    "runs":59,
    "hits":100,
    "doubles":21,
    "triples":2,
    "hr":10,
    "rbi":45,
    "bb":44,
    "so":141,
    "sb":17,
    "cs":2,
    "avg":0.233,
    "obp":0.305,
    "slg":0.360
  },
  {
    "lname":"Chisenhall",
    "finit":"L",
    "position":"3B",
    "games":94,
    "ab":289,
    "runs":30,
    "hits":65,
    "doubles":17,
    "triples":0,
    "hr":11,
    "rbi":36,
    "bb":16,
    "so":56,
    "sb":1,
    "cs":0,
    "avg":0.225,
    "obp":0.270,
    "slg":0.398
  },
  {
    "lname":"Reynolds",
    "finit":"M",
    "position":"3B",
    "games":99,
    "ab":335,
    "runs":40,
    "hits":72,
    "doubles":8,
    "triples":0,
    "hr":15,
    "rbi":48,
    "bb":43,
    "so":123,
    "sb":3,
    "cs":0,
    "avg":0.215,
    "obp":0.307,
    "slg":0.373
  },
  {
    "lname":"Giambi",
    "finit":"J",
    "position":"DH",
    "games":71,
    "ab":186,
    "runs":21,
    "hits":34,
    "doubles":8,
    "triples":0,
    "hr":9,
    "rbi":31,
    "bb":23,
    "so":56,
    "sb":0,
    "cs":1,
    "avg":0.183,
    "obp":0.282,
    "slg":0.371
  },
  {
    "lname":"Kubel",
    "finit":"J",
    "position":"RF",
    "games":8,
    "ab":18,
    "runs":0,
    "hits":3,
    "doubles":1,
    "triples":0,
    "hr":0,
    "rbi":0,
    "bb":5,
    "so":10,
    "sb":0,
    "cs":0,
    "avg":0.167,
    "obp":0.348,
    "slg":0.222
  },
  {
    "lname":"Bauer",
    "finit":"T",
    "position":"P",
    "games":1,
    "ab":1,
    "runs":0,
    "hits":0,
    "doubles":0,
    "triples":0,
    "hr":0,
    "rbi":0,
    "bb":0,
    "so":1,
    "sb":0,
    "cs":0,
    "avg":0.000,
    "obp":0.000,
    "slg":0.000
  }
]