[
  {
    "lname":"Peguero",
    "finit":"C",
    "position":"RF",
    "games":2,
    "ab":6,
    "runs":1,
    "hits":2,
    "doubles":0,
    "triples":0,
    "hr":1,
    "rbi":1,
    "bb":1,
    "so":2,
    "sb":1,
    "cs":0,
    "avg":0.333,
    "obp":0.429,
    "slg":0.833
  },
  {
    "lname":"Morales",
    "finit":"K",
    "position":"1B",
    "games":156,
    "ab":602,
    "runs":64,
    "hits":167,
    "doubles":34,
    "triples":0,
    "hr":23,
    "rbi":80,
    "bb":49,
    "so":114,
    "sb":0,
    "cs":0,
    "avg":0.277,
    "obp":0.336,
    "slg":0.449
  },
  {
    "lname":"Chavez",
    "finit":"E",
    "position":"RF",
    "games":97,
    "ab":266,
    "runs":22,
    "hits":71,
    "doubles":10,
    "triples":0,
    "hr":2,
    "rbi":14,
    "bb":9,
    "so":31,
    "sb":1,
    "cs":3,
    "avg":0.267,
    "obp":0.290,
    "slg":0.327
  },
  {
    "lname":"Miller",
    "finit":"B",
    "position":"SS",
    "games":76,
    "ab":306,
    "runs":41,
    "hits":81,
    "doubles":11,
    "triples":6,
    "hr":8,
    "rbi":36,
    "bb":24,
    "so":52,
    "sb":5,
    "cs":3,
    "avg":0.265,
    "obp":0.318,
    "slg":0.418
  },
  {
    "lname":"Almonte",
    "finit":"A",
    "position":"CF",
    "games":25,
    "ab":72,
    "runs":10,
    "hits":19,
    "doubles":4,
    "triples":0,
    "hr":2,
    "rbi":9,
    "bb":6,
    "so":21,
    "sb":1,
    "cs":0,
    "avg":0.264,
    "obp":0.313,
    "slg":0.403
  },
  {
    "lname":"Seager",
    "finit":"K",
    "position":"3B",
    "games":160,
    "ab":615,
    "runs":79,
    "hits":160,
    "doubles":32,
    "triples":2,
    "hr":22,
    "rbi":69,
    "bb":68,
    "so":122,
    "sb":9,
    "cs":3,
    "avg":0.260,
    "obp":0.338,
    "slg":0.426
  },
  {
    "lname":"Ackley",
    "finit":"D",
    "position":"LF",
    "games":113,
    "ab":384,
    "runs":40,
    "hits":97,
    "doubles":18,
    "triples":2,
    "hr":4,
    "rbi":31,
    "bb":37,
    "so":72,
    "sb":2,
    "cs":3,
    "avg":0.253,
    "obp":0.319,
    "slg":0.341
  },
  {
    "lname":"Gutierrez",
    "finit":"F",
    "position":"RF",
    "games":41,
    "ab":145,
    "runs":18,
    "hits":36,
    "doubles":7,
    "triples":0,
    "hr":10,
    "rbi":24,
    "bb":5,
    "so":43,
    "sb":3,
    "cs":1,
    "avg":0.248,
    "obp":0.273,
    "slg":0.503
  },
  {
    "lname":"Ibanez",
    "finit":"R",
    "position":"LF",
    "games":124,
    "ab":454,
    "runs":54,
    "hits":110,
    "doubles":20,
    "triples":2,
    "hr":29,
    "rbi":65,
    "bb":42,
    "so":128,
    "sb":0,
    "cs":0,
    "avg":0.242,
    "obp":0.306,
    "slg":0.487
  },
  {
    "lname":"Smoak",
    "finit":"J",
    "position":"1B",
    "games":131,
    "ab":454,
    "runs":53,
    "hits":108,
    "doubles":19,
    "triples":0,
    "hr":20,
    "rbi":50,
    "bb":64,
    "so":119,
    "sb":0,
    "cs":0,
    "avg":0.238,
    "obp":0.334,
    "slg":0.412
  },
  {
    "lname":"Saunders",
    "finit":"M",
    "position":"CF",
    "games":132,
    "ab":406,
    "runs":59,
    "hits":96,
    "doubles":23,
    "triples":3,
    "hr":12,
    "rbi":46,
    "bb":54,
    "so":118,
    "sb":13,
    "cs":5,
    "avg":0.236,
    "obp":0.323,
    "slg":0.397
  },
  {
    "lname":"Morse",
    "finit":"M",
    "position":"LF",
    "games":76,
    "ab":283,
    "runs":31,
    "hits":64,
    "doubles":13,
    "triples":0,
    "hr":13,
    "rbi":27,
    "bb":20,
    "so":80,
    "sb":0,
    "cs":0,
    "avg":0.226,
    "obp":0.283,
    "slg":0.410
  },
  {
    "lname":"Franklin",
    "finit":"N",
    "position":"2B",
    "games":102,
    "ab":369,
    "runs":38,
    "hits":83,
    "doubles":20,
    "triples":1,
    "hr":12,
    "rbi":45,
    "bb":42,
    "so":113,
    "sb":6,
    "cs":1,
    "avg":0.225,
    "obp":0.303,
    "slg":0.382
  },
  {
    "lname":"Quintero",
    "finit":"H",
    "position":"C",
    "games":22,
    "ab":67,
    "runs":5,
    "hits":15,
    "doubles":1,
    "triples":0,
    "hr":2,
    "rbi":4,
    "bb":3,
    "so":15,
    "sb":0,
    "cs":0,
    "avg":0.224,
    "obp":0.257,
    "slg":0.328
  },
  {
    "lname":"Zunino",
    "finit":"M",
    "position":"C",
    "games":52,
    "ab":173,
    "runs":22,
    "hits":37,
    "doubles":5,
    "triples":0,
    "hr":5,
    "rbi":14,
    "bb":16,
    "so":49,
    "sb":1,
    "cs":0,
    "avg":0.214,
    "obp":0.290,
    "slg":0.329
  },
  {
    "lname":"Montero",
    "finit":"J",
    "position":"1B",
    "games":29,
    "ab":101,
    "runs":6,
    "hits":21,
    "doubles":1,
    "triples":1,
    "hr":3,
    "rbi":9,
    "bb":8,
    "so":21,
    "sb":0,
    "cs":1,
    "avg":0.208,
    "obp":0.264,
    "slg":0.327
  },
  {
    "lname":"Bay",
    "finit":"J",
    "position":"RF",
    "games":68,
    "ab":206,
    "runs":30,
    "hits":42,
    "doubles":6,
    "triples":0,
    "hr":11,
    "rbi":20,
    "bb":26,
    "so":62,
    "sb":3,
    "cs":1,
    "avg":0.204,
    "obp":0.298,
    "slg":0.393
  },
  {
    "lname":"Shoppach",
    "finit":"K",
    "position":"C",
    "games":35,
    "ab":107,
    "runs":11,
    "hits":21,
    "doubles":7,
    "triples":0,
    "hr":3,
    "rbi":9,
    "bb":12,
    "so":45,
    "sb":0,
    "cs":0,
    "avg":0.196,
    "obp":0.293,
    "slg":0.346
  },
  {
    "lname":"Ryan",
    "finit":"B",
    "position":"SS",
    "games":87,
    "ab":260,
    "runs":23,
    "hits":50,
    "doubles":10,
    "triples":0,
    "hr":3,
    "rbi":21,
    "bb":21,
    "so":60,
    "sb":4,
    "cs":2,
    "avg":0.192,
    "obp":0.254,
    "slg":0.265
  },
  {
    "lname":"Sucre",
    "finit":"J",
    "position":"C",
    "games":8,
    "ab":26,
    "runs":1,
    "hits":5,
    "doubles":0,
    "triples":0,
    "hr":0,
    "rbi":3,
    "bb":2,
    "so":1,
    "sb":0,
    "cs":0,
    "avg":0.192,
    "obp":0.241,
    "slg":0.192
  }
]