[
  {
    "lname":"Flynn",
    "finit":"B",
    "position":"P",
    "games":4,
    "ab":5,
    "runs":0,
    "hits":2,
    "doubles":0,
    "triples":0,
    "hr":0,
    "rbi":0,
    "bb":0,
    "so":2,
    "sb":0,
    "cs":0,
    "avg":0.400,
    "obp":0.400,
    "slg":0.400
  },
  {
    "lname":"Webb",
    "finit":"R",
    "position":"P",
    "games":61,
    "ab":3,
    "runs":1,
    "hits":1,
    "doubles":0,
    "triples":0,
    "hr":0,
    "rbi":0,
    "bb":0,
    "so":2,
    "sb":0,
    "cs":0,
    "avg":0.333,
    "obp":0.333,
    "slg":0.333
  },
  {
    "lname":"Alvarez",
    "finit":"H",
    "position":"P",
    "games":17,
    "ab":30,
    "runs":2,
    "hits":9,
    "doubles":3,
    "triples":0,
    "hr":1,
    "rbi":6,
    "bb":0,
    "so":12,
    "sb":0,
    "cs":0,
    "avg":0.300,
    "obp":0.290,
    "slg":0.500
  },
  {
    "lname":"Yelich",
    "finit":"C",
    "position":"LF",
    "games":62,
    "ab":240,
    "runs":34,
    "hits":69,
    "doubles":12,
    "triples":1,
    "hr":4,
    "rbi":16,
    "bb":31,
    "so":66,
    "sb":10,
    "cs":0,
    "avg":0.288,
    "obp":0.370,
    "slg":0.396
  },
  {
    "lname":"Mahoney",
    "finit":"J",
    "position":"1B",
    "games":9,
    "ab":29,
    "runs":2,
    "hits":8,
    "doubles":1,
    "triples":0,
    "hr":1,
    "rbi":4,
    "bb":0,
    "so":4,
    "sb":0,
    "cs":0,
    "avg":0.276,
    "obp":0.276,
    "slg":0.414
  },
  {
    "lname":"Ozuna",
    "finit":"M",
    "position":"RF",
    "games":70,
    "ab":275,
    "runs":31,
    "hits":73,
    "doubles":17,
    "triples":4,
    "hr":3,
    "rbi":32,
    "bb":13,
    "so":57,
    "sb":5,
    "cs":1,
    "avg":0.265,
    "obp":0.303,
    "slg":0.389
  },
  {
    "lname":"Polanco",
    "finit":"P",
    "position":"3B",
    "games":118,
    "ab":377,
    "runs":33,
    "hits":98,
    "doubles":13,
    "triples":0,
    "hr":1,
    "rbi":23,
    "bb":23,
    "so":31,
    "sb":2,
    "cs":0,
    "avg":0.260,
    "obp":0.315,
    "slg":0.302
  },
  {
    "lname":"Coghlan",
    "finit":"C",
    "position":"LF",
    "games":70,
    "ab":195,
    "runs":10,
    "hits":50,
    "doubles":10,
    "triples":3,
    "hr":1,
    "rbi":10,
    "bb":17,
    "so":43,
    "sb":2,
    "cs":0,
    "avg":0.256,
    "obp":0.318,
    "slg":0.354
  },
  {
    "lname":"Lucas",
    "finit":"E",
    "position":"3B",
    "games":94,
    "ab":351,
    "runs":43,
    "hits":90,
    "doubles":14,
    "triples":1,
    "hr":4,
    "rbi":28,
    "bb":26,
    "so":78,
    "sb":1,
    "cs":1,
    "avg":0.256,
    "obp":0.311,
    "slg":0.336
  },
  {
    "lname":"Stanton",
    "finit":"G",
    "position":"RF",
    "games":116,
    "ab":425,
    "runs":62,
    "hits":106,
    "doubles":26,
    "triples":0,
    "hr":24,
    "rbi":62,
    "bb":74,
    "so":140,
    "sb":1,
    "cs":0,
    "avg":0.249,
    "obp":0.365,
    "slg":0.480
  },
  {
    "lname":"Solano",
    "finit":"D",
    "position":"2B",
    "games":102,
    "ab":361,
    "runs":33,
    "hits":90,
    "doubles":13,
    "triples":1,
    "hr":3,
    "rbi":34,
    "bb":23,
    "so":57,
    "sb":3,
    "cs":1,
    "avg":0.249,
    "obp":0.305,
    "slg":0.316
  },
  {
    "lname":"Pierre",
    "finit":"J",
    "position":"LF",
    "games":113,
    "ab":308,
    "runs":36,
    "hits":76,
    "doubles":11,
    "triples":2,
    "hr":1,
    "rbi":8,
    "bb":13,
    "so":27,
    "sb":23,
    "cs":6,
    "avg":0.247,
    "obp":0.284,
    "slg":0.305
  },
  {
    "lname":"Morrison",
    "finit":"L",
    "position":"1B",
    "games":85,
    "ab":293,
    "runs":32,
    "hits":71,
    "doubles":13,
    "triples":4,
    "hr":6,
    "rbi":36,
    "bb":38,
    "so":56,
    "sb":0,
    "cs":0,
    "avg":0.242,
    "obp":0.333,
    "slg":0.375
  },
  {
    "lname":"Green",
    "finit":"N",
    "position":"2B",
    "games":18,
    "ab":55,
    "runs":4,
    "hits":13,
    "doubles":2,
    "triples":0,
    "hr":1,
    "rbi":6,
    "bb":3,
    "so":14,
    "sb":0,
    "cs":0,
    "avg":0.236,
    "obp":0.302,
    "slg":0.327
  },
  {
    "lname":"Dobbs",
    "finit":"G",
    "position":"1B",
    "games":114,
    "ab":237,
    "runs":21,
    "hits":54,
    "doubles":11,
    "triples":0,
    "hr":2,
    "rbi":22,
    "bb":22,
    "so":40,
    "sb":1,
    "cs":1,
    "avg":0.228,
    "obp":0.303,
    "slg":0.300
  },
  {
    "lname":"Hechavarria",
    "finit":"A",
    "position":"SS",
    "games":148,
    "ab":543,
    "runs":30,
    "hits":123,
    "doubles":14,
    "triples":8,
    "hr":3,
    "rbi":42,
    "bb":30,
    "so":96,
    "sb":11,
    "cs":10,
    "avg":0.227,
    "obp":0.267,
    "slg":0.298
  },
  {
    "lname":"Ruggiano",
    "finit":"J",
    "position":"CF",
    "games":128,
    "ab":424,
    "runs":49,
    "hits":94,
    "doubles":18,
    "triples":1,
    "hr":18,
    "rbi":50,
    "bb":41,
    "so":114,
    "sb":15,
    "cs":8,
    "avg":0.222,
    "obp":0.298,
    "slg":0.396
  },
  {
    "lname":"Fernandez",
    "finit":"J",
    "position":"P",
    "games":25,
    "ab":50,
    "runs":5,
    "hits":11,
    "doubles":1,
    "triples":1,
    "hr":1,
    "rbi":5,
    "bb":0,
    "so":20,
    "sb":0,
    "cs":0,
    "avg":0.220,
    "obp":0.216,
    "slg":0.340
  },
  {
    "lname":"Valaika",
    "finit":"C",
    "position":"2B",
    "games":22,
    "ab":64,
    "runs":4,
    "hits":14,
    "doubles":5,
    "triples":0,
    "hr":1,
    "rbi":9,
    "bb":3,
    "so":16,
    "sb":0,
    "cs":0,
    "avg":0.219,
    "obp":0.261,
    "slg":0.344
  },
  {
    "lname":"Dietrich",
    "finit":"D",
    "position":"2B",
    "games":57,
    "ab":215,
    "runs":32,
    "hits":46,
    "doubles":10,
    "triples":2,
    "hr":9,
    "rbi":23,
    "bb":11,
    "so":56,
    "sb":1,
    "cs":0,
    "avg":0.214,
    "obp":0.275,
    "slg":0.405
  }
]