[
  {
    "lname":"Wright",
    "finit":"D",
    "position":"3B",
    "games":112,
    "ab":430,
    "runs":63,
    "hits":132,
    "doubles":23,
    "triples":6,
    "hr":18,
    "rbi":58,
    "bb":55,
    "so":79,
    "sb":17,
    "cs":3,
    "avg":0.307,
    "obp":0.390,
    "slg":0.514
  },
  {
    "lname":"Centeno",
    "finit":"J",
    "position":"C",
    "games":4,
    "ab":10,
    "runs":0,
    "hits":3,
    "doubles":0,
    "triples":0,
    "hr":0,
    "rbi":1,
    "bb":0,
    "so":1,
    "sb":0,
    "cs":0,
    "avg":0.300,
    "obp":0.300,
    "slg":0.300
  },
  {
    "lname":"Lutz",
    "finit":"Z",
    "position":"3B",
    "games":15,
    "ab":20,
    "runs":2,
    "hits":6,
    "doubles":2,
    "triples":0,
    "hr":0,
    "rbi":2,
    "bb":6,
    "so":6,
    "sb":0,
    "cs":0,
    "avg":0.300,
    "obp":0.462,
    "slg":0.400
  },
  {
    "lname":"Harang",
    "finit":"A",
    "position":"P",
    "games":4,
    "ab":7,
    "runs":1,
    "hits":2,
    "doubles":0,
    "triples":0,
    "hr":0,
    "rbi":0,
    "bb":0,
    "so":3,
    "sb":0,
    "cs":0,
    "avg":0.286,
    "obp":0.286,
    "slg":0.286
  },
  {
    "lname":"Murphy",
    "finit":"D",
    "position":"2B",
    "games":161,
    "ab":658,
    "runs":92,
    "hits":188,
    "doubles":38,
    "triples":4,
    "hr":13,
    "rbi":78,
    "bb":32,
    "so":95,
    "sb":23,
    "cs":3,
    "avg":0.286,
    "obp":0.319,
    "slg":0.415
  },
  {
    "lname":"Byrd",
    "finit":"M",
    "position":"RF",
    "games":117,
    "ab":425,
    "runs":61,
    "hits":121,
    "doubles":26,
    "triples":5,
    "hr":21,
    "rbi":71,
    "bb":25,
    "so":124,
    "sb":2,
    "cs":4,
    "avg":0.285,
    "obp":0.330,
    "slg":0.518
  },
  {
    "lname":"Turner",
    "finit":"J",
    "position":"3B",
    "games":86,
    "ab":200,
    "runs":12,
    "hits":56,
    "doubles":13,
    "triples":1,
    "hr":2,
    "rbi":16,
    "bb":11,
    "so":34,
    "sb":0,
    "cs":1,
    "avg":0.280,
    "obp":0.319,
    "slg":0.385
  },
  {
    "lname":"Satin",
    "finit":"J",
    "position":"1B",
    "games":75,
    "ab":190,
    "runs":23,
    "hits":53,
    "doubles":15,
    "triples":0,
    "hr":3,
    "rbi":17,
    "bb":30,
    "so":56,
    "sb":1,
    "cs":1,
    "avg":0.279,
    "obp":0.376,
    "slg":0.405
  },
  {
    "lname":"Young",
    "finit":"E",
    "position":"LF",
    "games":91,
    "ab":374,
    "runs":48,
    "hits":94,
    "doubles":18,
    "triples":4,
    "hr":1,
    "rbi":26,
    "bb":35,
    "so":67,
    "sb":38,
    "cs":7,
    "avg":0.251,
    "obp":0.318,
    "slg":0.329
  },
  {
    "lname":"Matsuzaka",
    "finit":"D",
    "position":"P",
    "games":6,
    "ab":12,
    "runs":0,
    "hits":3,
    "doubles":0,
    "triples":0,
    "hr":0,
    "rbi":1,
    "bb":0,
    "so":5,
    "sb":0,
    "cs":0,
    "avg":0.250,
    "obp":0.250,
    "slg":0.250
  },
  {
    "lname":"Lagares",
    "finit":"J",
    "position":"CF",
    "games":121,
    "ab":392,
    "runs":35,
    "hits":95,
    "doubles":21,
    "triples":5,
    "hr":4,
    "rbi":34,
    "bb":20,
    "so":96,
    "sb":6,
    "cs":3,
    "avg":0.242,
    "obp":0.281,
    "slg":0.352
  },
  {
    "lname":"Brown",
    "finit":"A",
    "position":"RF",
    "games":68,
    "ab":150,
    "runs":16,
    "hits":34,
    "doubles":5,
    "triples":0,
    "hr":7,
    "rbi":24,
    "bb":13,
    "so":44,
    "sb":1,
    "cs":0,
    "avg":0.227,
    "obp":0.288,
    "slg":0.400
  },
  {
    "lname":"Duda",
    "finit":"L",
    "position":"1B",
    "games":100,
    "ab":318,
    "runs":42,
    "hits":71,
    "doubles":16,
    "triples":0,
    "hr":15,
    "rbi":33,
    "bb":55,
    "so":102,
    "sb":0,
    "cs":3,
    "avg":0.223,
    "obp":0.352,
    "slg":0.415
  },
  {
    "lname":"Quintanilla",
    "finit":"O",
    "position":"SS",
    "games":95,
    "ab":315,
    "runs":28,
    "hits":70,
    "doubles":9,
    "triples":2,
    "hr":2,
    "rbi":21,
    "bb":38,
    "so":70,
    "sb":2,
    "cs":0,
    "avg":0.222,
    "obp":0.306,
    "slg":0.283
  },
  {
    "lname":"Recker",
    "finit":"A",
    "position":"C",
    "games":50,
    "ab":135,
    "runs":17,
    "hits":29,
    "doubles":7,
    "triples":0,
    "hr":6,
    "rbi":19,
    "bb":13,
    "so":49,
    "sb":0,
    "cs":1,
    "avg":0.215,
    "obp":0.280,
    "slg":0.400
  },
  {
    "lname":"Buck",
    "finit":"J",
    "position":"C",
    "games":101,
    "ab":368,
    "runs":38,
    "hits":79,
    "doubles":11,
    "triples":0,
    "hr":15,
    "rbi":60,
    "bb":29,
    "so":99,
    "sb":2,
    "cs":1,
    "avg":0.215,
    "obp":0.285,
    "slg":0.367
  },
  {
    "lname":"Flores",
    "finit":"W",
    "position":"3B",
    "games":27,
    "ab":95,
    "runs":8,
    "hits":20,
    "doubles":5,
    "triples":0,
    "hr":1,
    "rbi":13,
    "bb":5,
    "so":23,
    "sb":0,
    "cs":0,
    "avg":0.211,
    "obp":0.248,
    "slg":0.295
  },
  {
    "lname":"Den Dekker",
    "finit":"M",
    "position":"CF",
    "games":27,
    "ab":58,
    "runs":7,
    "hits":12,
    "doubles":1,
    "triples":0,
    "hr":1,
    "rbi":6,
    "bb":4,
    "so":23,
    "sb":4,
    "cs":1,
    "avg":0.207,
    "obp":0.270,
    "slg":0.276
  },
  {
    "lname":"Niese",
    "finit":"J",
    "position":"P",
    "games":22,
    "ab":39,
    "runs":6,
    "hits":8,
    "doubles":2,
    "triples":0,
    "hr":0,
    "rbi":4,
    "bb":4,
    "so":17,
    "sb":0,
    "cs":0,
    "avg":0.205,
    "obp":0.279,
    "slg":0.256
  },
  {
    "lname":"Davis",
    "finit":"I",
    "position":"1B",
    "games":103,
    "ab":317,
    "runs":37,
    "hits":65,
    "doubles":14,
    "triples":0,
    "hr":9,
    "rbi":33,
    "bb":57,
    "so":101,
    "sb":4,
    "cs":0,
    "avg":0.205,
    "obp":0.326,
    "slg":0.334
  }
]