[
  {
    "lname":"Duke",
    "finit":"Z",
    "position":"P",
    "games":12,
    "ab":1,
    "runs":0,
    "hits":1,
    "doubles":0,
    "triples":0,
    "hr":0,
    "rbi":0,
    "bb":0,
    "so":0,
    "sb":0,
    "cs":0,
    "avg":1.000,
    "obp":1.000,
    "slg":1.000
  },
  {
    "lname":"Walters",
    "finit":"Z",
    "position":"SS",
    "games":8,
    "ab":8,
    "runs":2,
    "hits":3,
    "doubles":0,
    "triples":1,
    "hr":0,
    "rbi":1,
    "bb":1,
    "so":0,
    "sb":0,
    "cs":0,
    "avg":0.375,
    "obp":0.444,
    "slg":0.625
  },
  {
    "lname":"Werth",
    "finit":"J",
    "position":"RF",
    "games":129,
    "ab":462,
    "runs":84,
    "hits":147,
    "doubles":24,
    "triples":0,
    "hr":25,
    "rbi":82,
    "bb":60,
    "so":101,
    "sb":10,
    "cs":1,
    "avg":0.318,
    "obp":0.398,
    "slg":0.532
  },
  {
    "lname":"Roark",
    "finit":"T",
    "position":"P",
    "games":13,
    "ab":14,
    "runs":0,
    "hits":4,
    "doubles":1,
    "triples":0,
    "hr":0,
    "rbi":1,
    "bb":0,
    "so":5,
    "sb":0,
    "cs":0,
    "avg":0.286,
    "obp":0.286,
    "slg":0.357
  },
  {
    "lname":"Desmond",
    "finit":"I",
    "position":"SS",
    "games":158,
    "ab":600,
    "runs":77,
    "hits":168,
    "doubles":38,
    "triples":3,
    "hr":20,
    "rbi":80,
    "bb":43,
    "so":145,
    "sb":21,
    "cs":6,
    "avg":0.280,
    "obp":0.331,
    "slg":0.453
  },
  {
    "lname":"Span",
    "finit":"D",
    "position":"CF",
    "games":153,
    "ab":610,
    "runs":75,
    "hits":170,
    "doubles":28,
    "triples":11,
    "hr":4,
    "rbi":47,
    "bb":42,
    "so":77,
    "sb":20,
    "cs":6,
    "avg":0.279,
    "obp":0.327,
    "slg":0.380
  },
  {
    "lname":"Zimmerman",
    "finit":"R",
    "position":"3B",
    "games":147,
    "ab":568,
    "runs":84,
    "hits":156,
    "doubles":26,
    "triples":2,
    "hr":26,
    "rbi":79,
    "bb":60,
    "so":133,
    "sb":6,
    "cs":0,
    "avg":0.275,
    "obp":0.344,
    "slg":0.465
  },
  {
    "lname":"Harper",
    "finit":"B",
    "position":"LF",
    "games":118,
    "ab":424,
    "runs":71,
    "hits":116,
    "doubles":24,
    "triples":3,
    "hr":20,
    "rbi":58,
    "bb":61,
    "so":94,
    "sb":11,
    "cs":4,
    "avg":0.274,
    "obp":0.368,
    "slg":0.486
  },
  {
    "lname":"Ramos",
    "finit":"W",
    "position":"C",
    "games":78,
    "ab":287,
    "runs":29,
    "hits":78,
    "doubles":9,
    "triples":0,
    "hr":16,
    "rbi":59,
    "bb":15,
    "so":42,
    "sb":0,
    "cs":1,
    "avg":0.272,
    "obp":0.307,
    "slg":0.470
  },
  {
    "lname":"Rendon",
    "finit":"A",
    "position":"2B",
    "games":98,
    "ab":351,
    "runs":40,
    "hits":93,
    "doubles":23,
    "triples":1,
    "hr":7,
    "rbi":35,
    "bb":31,
    "so":69,
    "sb":1,
    "cs":1,
    "avg":0.265,
    "obp":0.329,
    "slg":0.396
  },
  {
    "lname":"Lombardozzi",
    "finit":"S",
    "position":"2B",
    "games":118,
    "ab":290,
    "runs":25,
    "hits":75,
    "doubles":15,
    "triples":1,
    "hr":2,
    "rbi":22,
    "bb":8,
    "so":34,
    "sb":4,
    "cs":3,
    "avg":0.259,
    "obp":0.278,
    "slg":0.338
  },
  {
    "lname":"LaRoche",
    "finit":"A",
    "position":"1B",
    "games":152,
    "ab":511,
    "runs":70,
    "hits":121,
    "doubles":19,
    "triples":3,
    "hr":20,
    "rbi":62,
    "bb":72,
    "so":131,
    "sb":4,
    "cs":1,
    "avg":0.237,
    "obp":0.332,
    "slg":0.403
  },
  {
    "lname":"Hairston",
    "finit":"S",
    "position":"LF",
    "games":33,
    "ab":58,
    "runs":5,
    "hits":13,
    "doubles":3,
    "triples":0,
    "hr":2,
    "rbi":7,
    "bb":2,
    "so":19,
    "sb":0,
    "cs":0,
    "avg":0.224,
    "obp":0.246,
    "slg":0.379
  },
  {
    "lname":"Suzuki",
    "finit":"K",
    "position":"C",
    "games":79,
    "ab":252,
    "runs":19,
    "hits":56,
    "doubles":11,
    "triples":1,
    "hr":3,
    "rbi":25,
    "bb":20,
    "so":32,
    "sb":2,
    "cs":0,
    "avg":0.222,
    "obp":0.283,
    "slg":0.310
  },
  {
    "lname":"Moore",
    "finit":"T",
    "position":"LF",
    "games":63,
    "ab":167,
    "runs":16,
    "hits":37,
    "doubles":9,
    "triples":0,
    "hr":4,
    "rbi":21,
    "bb":8,
    "so":58,
    "sb":0,
    "cs":0,
    "avg":0.222,
    "obp":0.260,
    "slg":0.347
  },
  {
    "lname":"Tracy",
    "finit":"C",
    "position":"3B",
    "games":92,
    "ab":129,
    "runs":6,
    "hits":26,
    "doubles":4,
    "triples":0,
    "hr":4,
    "rbi":11,
    "bb":7,
    "so":25,
    "sb":0,
    "cs":2,
    "avg":0.202,
    "obp":0.243,
    "slg":0.326
  },
  {
    "lname":"Bernadina",
    "finit":"R",
    "position":"RF",
    "games":85,
    "ab":152,
    "runs":18,
    "hits":27,
    "doubles":6,
    "triples":1,
    "hr":2,
    "rbi":6,
    "bb":12,
    "so":44,
    "sb":3,
    "cs":0,
    "avg":0.178,
    "obp":0.247,
    "slg":0.270
  },
  {
    "lname":"Haren",
    "finit":"D",
    "position":"P",
    "games":29,
    "ab":47,
    "runs":2,
    "hits":8,
    "doubles":3,
    "triples":0,
    "hr":0,
    "rbi":2,
    "bb":1,
    "so":17,
    "sb":0,
    "cs":0,
    "avg":0.170,
    "obp":0.204,
    "slg":0.234
  },
  {
    "lname":"Brown",
    "finit":"C",
    "position":"LF",
    "games":14,
    "ab":12,
    "runs":2,
    "hits":2,
    "doubles":1,
    "triples":0,
    "hr":1,
    "rbi":1,
    "bb":3,
    "so":4,
    "sb":1,
    "cs":0,
    "avg":0.167,
    "obp":0.333,
    "slg":0.500
  },
  {
    "lname":"Kobernus",
    "finit":"J",
    "position":"LF",
    "games":24,
    "ab":30,
    "runs":8,
    "hits":5,
    "doubles":0,
    "triples":0,
    "hr":1,
    "rbi":1,
    "bb":5,
    "so":6,
    "sb":3,
    "cs":2,
    "avg":0.167,
    "obp":0.306,
    "slg":0.267
  }
]