[
  {
    "lname":"Norris",
    "finit":"B",
    "position":"P",
    "games":3,
    "ab":3,
    "runs":0,
    "hits":2,
    "doubles":0,
    "triples":0,
    "hr":0,
    "rbi":0,
    "bb":0,
    "so":0,
    "sb":0,
    "cs":0,
    "avg":0.667,
    "obp":0.667,
    "slg":0.667
  },
  {
    "lname":"Valencia",
    "finit":"D",
    "position":"DH",
    "games":52,
    "ab":161,
    "runs":20,
    "hits":49,
    "doubles":14,
    "triples":1,
    "hr":8,
    "rbi":23,
    "bb":8,
    "so":33,
    "sb":0,
    "cs":2,
    "avg":0.304,
    "obp":0.335,
    "slg":0.553
  },
  {
    "lname":"Davis",
    "finit":"C",
    "position":"1B",
    "games":160,
    "ab":584,
    "runs":103,
    "hits":167,
    "doubles":42,
    "triples":1,
    "hr":53,
    "rbi":138,
    "bb":72,
    "so":199,
    "sb":4,
    "cs":1,
    "avg":0.286,
    "obp":0.370,
    "slg":0.634
  },
  {
    "lname":"Navarro",
    "finit":"Y",
    "position":"2B",
    "games":8,
    "ab":28,
    "runs":3,
    "hits":8,
    "doubles":0,
    "triples":1,
    "hr":0,
    "rbi":2,
    "bb":2,
    "so":8,
    "sb":0,
    "cs":0,
    "avg":0.286,
    "obp":0.333,
    "slg":0.357
  },
  {
    "lname":"Schoop",
    "finit":"J",
    "position":"2B",
    "games":5,
    "ab":14,
    "runs":5,
    "hits":4,
    "doubles":0,
    "triples":0,
    "hr":1,
    "rbi":1,
    "bb":1,
    "so":2,
    "sb":0,
    "cs":0,
    "avg":0.286,
    "obp":0.333,
    "slg":0.500
  },
  {
    "lname":"Jones",
    "finit":"A",
    "position":"CF",
    "games":160,
    "ab":653,
    "runs":100,
    "hits":186,
    "doubles":35,
    "triples":1,
    "hr":33,
    "rbi":108,
    "bb":25,
    "so":136,
    "sb":14,
    "cs":3,
    "avg":0.285,
    "obp":0.318,
    "slg":0.493
  },
  {
    "lname":"Machado",
    "finit":"M",
    "position":"3B",
    "games":156,
    "ab":667,
    "runs":88,
    "hits":189,
    "doubles":51,
    "triples":3,
    "hr":14,
    "rbi":71,
    "bb":29,
    "so":113,
    "sb":6,
    "cs":7,
    "avg":0.283,
    "obp":0.314,
    "slg":0.432
  },
  {
    "lname":"Urrutia",
    "finit":"H",
    "position":"DH",
    "games":24,
    "ab":58,
    "runs":5,
    "hits":16,
    "doubles":0,
    "triples":1,
    "hr":0,
    "rbi":2,
    "bb":0,
    "so":11,
    "sb":0,
    "cs":0,
    "avg":0.276,
    "obp":0.276,
    "slg":0.310
  },
  {
    "lname":"Markakis",
    "finit":"N",
    "position":"RF",
    "games":160,
    "ab":634,
    "runs":89,
    "hits":172,
    "doubles":24,
    "triples":0,
    "hr":10,
    "rbi":59,
    "bb":55,
    "so":76,
    "sb":1,
    "cs":2,
    "avg":0.271,
    "obp":0.329,
    "slg":0.356
  },
  {
    "lname":"Clevenger",
    "finit":"S",
    "position":"C",
    "games":4,
    "ab":15,
    "runs":1,
    "hits":4,
    "doubles":1,
    "triples":0,
    "hr":0,
    "rbi":2,
    "bb":0,
    "so":2,
    "sb":0,
    "cs":0,
    "avg":0.267,
    "obp":0.267,
    "slg":0.333
  },
  {
    "lname":"Hardy",
    "finit":"J",
    "position":"SS",
    "games":159,
    "ab":601,
    "runs":66,
    "hits":158,
    "doubles":27,
    "triples":0,
    "hr":25,
    "rbi":76,
    "bb":38,
    "so":73,
    "sb":2,
    "cs":1,
    "avg":0.263,
    "obp":0.306,
    "slg":0.433
  },
  {
    "lname":"Pearce",
    "finit":"S",
    "position":"LF",
    "games":44,
    "ab":119,
    "runs":14,
    "hits":31,
    "doubles":7,
    "triples":0,
    "hr":4,
    "rbi":13,
    "bb":15,
    "so":25,
    "sb":1,
    "cs":0,
    "avg":0.261,
    "obp":0.362,
    "slg":0.420
  },
  {
    "lname":"McLouth",
    "finit":"N",
    "position":"LF",
    "games":146,
    "ab":531,
    "runs":76,
    "hits":137,
    "doubles":31,
    "triples":4,
    "hr":12,
    "rbi":36,
    "bb":53,
    "so":86,
    "sb":30,
    "cs":7,
    "avg":0.258,
    "obp":0.329,
    "slg":0.399
  },
  {
    "lname":"Roberts",
    "finit":"B",
    "position":"2B",
    "games":77,
    "ab":265,
    "runs":33,
    "hits":66,
    "doubles":12,
    "triples":1,
    "hr":8,
    "rbi":39,
    "bb":26,
    "so":44,
    "sb":3,
    "cs":1,
    "avg":0.249,
    "obp":0.312,
    "slg":0.392
  },
  {
    "lname":"Dickerson",
    "finit":"C",
    "position":"LF",
    "games":56,
    "ab":105,
    "runs":17,
    "hits":25,
    "doubles":5,
    "triples":0,
    "hr":4,
    "rbi":13,
    "bb":4,
    "so":36,
    "sb":5,
    "cs":1,
    "avg":0.238,
    "obp":0.266,
    "slg":0.400
  },
  {
    "lname":"Wieters",
    "finit":"M",
    "position":"C",
    "games":148,
    "ab":523,
    "runs":59,
    "hits":123,
    "doubles":29,
    "triples":0,
    "hr":22,
    "rbi":79,
    "bb":43,
    "so":104,
    "sb":2,
    "cs":0,
    "avg":0.235,
    "obp":0.287,
    "slg":0.417
  },
  {
    "lname":"Flaherty",
    "finit":"R",
    "position":"2B",
    "games":85,
    "ab":246,
    "runs":28,
    "hits":55,
    "doubles":11,
    "triples":0,
    "hr":10,
    "rbi":27,
    "bb":19,
    "so":62,
    "sb":2,
    "cs":0,
    "avg":0.224,
    "obp":0.293,
    "slg":0.390
  },
  {
    "lname":"Casilla",
    "finit":"A",
    "position":"2B",
    "games":62,
    "ab":112,
    "runs":15,
    "hits":24,
    "doubles":4,
    "triples":1,
    "hr":1,
    "rbi":10,
    "bb":9,
    "so":20,
    "sb":9,
    "cs":2,
    "avg":0.214,
    "obp":0.268,
    "slg":0.295
  },
  {
    "lname":"Pridie",
    "finit":"J",
    "position":"LF",
    "games":4,
    "ab":10,
    "runs":0,
    "hits":2,
    "doubles":0,
    "triples":0,
    "hr":0,
    "rbi":1,
    "bb":0,
    "so":2,
    "sb":0,
    "cs":0,
    "avg":0.200,
    "obp":0.200,
    "slg":0.200
  },
  {
    "lname":"Reimold",
    "finit":"N",
    "position":"LF",
    "games":40,
    "ab":128,
    "runs":17,
    "hits":25,
    "doubles":3,
    "triples":0,
    "hr":5,
    "rbi":12,
    "bb":10,
    "so":41,
    "sb":0,
    "cs":1,
    "avg":0.195,
    "obp":0.250,
    "slg":0.336
  }
]