[
  {
    "lname":"Medica",
    "finit":"T",
    "position":"1B",
    "games":19,
    "ab":69,
    "runs":9,
    "hits":20,
    "doubles":2,
    "triples":0,
    "hr":3,
    "rbi":10,
    "bb":10,
    "so":23,
    "sb":0,
    "cs":0,
    "avg":0.290,
    "obp":0.380,
    "slg":0.449
  },
  {
    "lname":"Cabrera",
    "finit":"E",
    "position":"SS",
    "games":95,
    "ab":381,
    "runs":54,
    "hits":108,
    "doubles":15,
    "triples":5,
    "hr":4,
    "rbi":31,
    "bb":41,
    "so":69,
    "sb":37,
    "cs":12,
    "avg":0.283,
    "obp":0.355,
    "slg":0.381
  },
  {
    "lname":"Alonso",
    "finit":"Y",
    "position":"1B",
    "games":97,
    "ab":334,
    "runs":34,
    "hits":94,
    "doubles":11,
    "triples":0,
    "hr":6,
    "rbi":45,
    "bb":32,
    "so":47,
    "sb":6,
    "cs":0,
    "avg":0.281,
    "obp":0.341,
    "slg":0.368
  },
  {
    "lname":"Denorfia",
    "finit":"C",
    "position":"RF",
    "games":144,
    "ab":473,
    "runs":67,
    "hits":132,
    "doubles":21,
    "triples":2,
    "hr":10,
    "rbi":47,
    "bb":42,
    "so":84,
    "sb":11,
    "cs":0,
    "avg":0.279,
    "obp":0.337,
    "slg":0.395
  },
  {
    "lname":"Quentin",
    "finit":"C",
    "position":"LF",
    "games":82,
    "ab":276,
    "runs":42,
    "hits":76,
    "doubles":21,
    "triples":0,
    "hr":13,
    "rbi":44,
    "bb":31,
    "so":55,
    "sb":0,
    "cs":0,
    "avg":0.275,
    "obp":0.363,
    "slg":0.493
  },
  {
    "lname":"Cedeno",
    "finit":"R",
    "position":"SS",
    "games":38,
    "ab":123,
    "runs":12,
    "hits":33,
    "doubles":2,
    "triples":2,
    "hr":2,
    "rbi":9,
    "bb":8,
    "so":31,
    "sb":3,
    "cs":3,
    "avg":0.268,
    "obp":0.318,
    "slg":0.366
  },
  {
    "lname":"Venable",
    "finit":"W",
    "position":"RF",
    "games":151,
    "ab":481,
    "runs":64,
    "hits":129,
    "doubles":22,
    "triples":8,
    "hr":22,
    "rbi":53,
    "bb":29,
    "so":118,
    "sb":22,
    "cs":6,
    "avg":0.268,
    "obp":0.312,
    "slg":0.484
  },
  {
    "lname":"Rivera",
    "finit":"R",
    "position":"C",
    "games":23,
    "ab":67,
    "runs":4,
    "hits":17,
    "doubles":3,
    "triples":1,
    "hr":0,
    "rbi":7,
    "bb":2,
    "so":16,
    "sb":0,
    "cs":0,
    "avg":0.254,
    "obp":0.268,
    "slg":0.328
  },
  {
    "lname":"Headley",
    "finit":"C",
    "position":"3B",
    "games":141,
    "ab":520,
    "runs":59,
    "hits":130,
    "doubles":35,
    "triples":2,
    "hr":13,
    "rbi":50,
    "bb":67,
    "so":142,
    "sb":8,
    "cs":4,
    "avg":0.250,
    "obp":0.347,
    "slg":0.400
  },
  {
    "lname":"Gyorko",
    "finit":"J",
    "position":"2B",
    "games":125,
    "ab":486,
    "runs":62,
    "hits":121,
    "doubles":26,
    "triples":0,
    "hr":23,
    "rbi":63,
    "bb":33,
    "so":123,
    "sb":1,
    "cs":1,
    "avg":0.249,
    "obp":0.301,
    "slg":0.444
  },
  {
    "lname":"Cashner",
    "finit":"A",
    "position":"P",
    "games":33,
    "ab":53,
    "runs":7,
    "hits":13,
    "doubles":1,
    "triples":0,
    "hr":1,
    "rbi":3,
    "bb":1,
    "so":25,
    "sb":2,
    "cs":0,
    "avg":0.245,
    "obp":0.259,
    "slg":0.321
  },
  {
    "lname":"Blanks",
    "finit":"K",
    "position":"RF",
    "games":88,
    "ab":280,
    "runs":31,
    "hits":68,
    "doubles":14,
    "triples":0,
    "hr":8,
    "rbi":35,
    "bb":21,
    "so":85,
    "sb":1,
    "cs":1,
    "avg":0.243,
    "obp":0.305,
    "slg":0.379
  },
  {
    "lname":"Ciriaco",
    "finit":"P",
    "position":"SS",
    "games":23,
    "ab":63,
    "runs":5,
    "hits":15,
    "doubles":1,
    "triples":1,
    "hr":1,
    "rbi":4,
    "bb":3,
    "so":10,
    "sb":6,
    "cs":0,
    "avg":0.238,
    "obp":0.284,
    "slg":0.333
  },
  {
    "lname":"Amarista",
    "finit":"A",
    "position":"CF",
    "games":146,
    "ab":368,
    "runs":35,
    "hits":87,
    "doubles":14,
    "triples":4,
    "hr":5,
    "rbi":32,
    "bb":22,
    "so":57,
    "sb":4,
    "cs":2,
    "avg":0.236,
    "obp":0.282,
    "slg":0.337
  },
  {
    "lname":"Hundley",
    "finit":"N",
    "position":"C",
    "games":114,
    "ab":373,
    "runs":35,
    "hits":87,
    "doubles":19,
    "triples":0,
    "hr":13,
    "rbi":44,
    "bb":26,
    "so":98,
    "sb":1,
    "cs":0,
    "avg":0.233,
    "obp":0.290,
    "slg":0.389
  },
  {
    "lname":"Guzman",
    "finit":"J",
    "position":"LF",
    "games":126,
    "ab":288,
    "runs":33,
    "hits":65,
    "doubles":17,
    "triples":0,
    "hr":9,
    "rbi":35,
    "bb":27,
    "so":79,
    "sb":3,
    "cs":0,
    "avg":0.226,
    "obp":0.297,
    "slg":0.378
  },
  {
    "lname":"Grandal",
    "finit":"Y",
    "position":"C",
    "games":28,
    "ab":88,
    "runs":13,
    "hits":19,
    "doubles":8,
    "triples":0,
    "hr":1,
    "rbi":9,
    "bb":18,
    "so":18,
    "sb":0,
    "cs":0,
    "avg":0.216,
    "obp":0.352,
    "slg":0.341
  },
  {
    "lname":"Richard",
    "finit":"C",
    "position":"P",
    "games":13,
    "ab":14,
    "runs":1,
    "hits":3,
    "doubles":0,
    "triples":0,
    "hr":0,
    "rbi":1,
    "bb":0,
    "so":5,
    "sb":0,
    "cs":0,
    "avg":0.214,
    "obp":0.214,
    "slg":0.214
  },
  {
    "lname":"Forsythe",
    "finit":"L",
    "position":"2B",
    "games":75,
    "ab":220,
    "runs":22,
    "hits":47,
    "doubles":6,
    "triples":1,
    "hr":6,
    "rbi":19,
    "bb":19,
    "so":54,
    "sb":6,
    "cs":1,
    "avg":0.214,
    "obp":0.281,
    "slg":0.332
  },
  {
    "lname":"Kotsay",
    "finit":"M",
    "position":"LF",
    "games":104,
    "ab":155,
    "runs":8,
    "hits":30,
    "doubles":2,
    "triples":0,
    "hr":1,
    "rbi":12,
    "bb":13,
    "so":25,
    "sb":0,
    "cs":2,
    "avg":0.194,
    "obp":0.253,
    "slg":0.226
  }
]