[
  {
    "lname":"Miner",
    "finit":"Z",
    "position":"P",
    "games":16,
    "ab":6,
    "runs":0,
    "hits":2,
    "doubles":0,
    "triples":0,
    "hr":0,
    "rbi":0,
    "bb":0,
    "so":3,
    "sb":0,
    "cs":0,
    "avg":0.333,
    "obp":0.333,
    "slg":0.333
  },
  {
    "lname":"Valdes",
    "finit":"R",
    "position":"P",
    "games":15,
    "ab":3,
    "runs":0,
    "hits":1,
    "doubles":1,
    "triples":0,
    "hr":0,
    "rbi":0,
    "bb":0,
    "so":0,
    "sb":0,
    "cs":0,
    "avg":0.333,
    "obp":0.333,
    "slg":0.667
  },
  {
    "lname":"Rupp",
    "finit":"C",
    "position":"C",
    "games":4,
    "ab":13,
    "runs":1,
    "hits":4,
    "doubles":1,
    "triples":0,
    "hr":0,
    "rbi":2,
    "bb":1,
    "so":4,
    "sb":0,
    "cs":0,
    "avg":0.308,
    "obp":0.357,
    "slg":0.385
  },
  {
    "lname":"Revere",
    "finit":"B",
    "position":"CF",
    "games":88,
    "ab":315,
    "runs":37,
    "hits":96,
    "doubles":9,
    "triples":3,
    "hr":0,
    "rbi":17,
    "bb":16,
    "so":36,
    "sb":22,
    "cs":8,
    "avg":0.305,
    "obp":0.338,
    "slg":0.352
  },
  {
    "lname":"Hernandez",
    "finit":"C",
    "position":"2B",
    "games":34,
    "ab":121,
    "runs":17,
    "hits":35,
    "doubles":5,
    "triples":0,
    "hr":0,
    "rbi":10,
    "bb":9,
    "so":26,
    "sb":0,
    "cs":3,
    "avg":0.289,
    "obp":0.344,
    "slg":0.331
  },
  {
    "lname":"Utley",
    "finit":"C",
    "position":"2B",
    "games":131,
    "ab":476,
    "runs":73,
    "hits":135,
    "doubles":25,
    "triples":6,
    "hr":18,
    "rbi":69,
    "bb":45,
    "so":79,
    "sb":8,
    "cs":3,
    "avg":0.284,
    "obp":0.348,
    "slg":0.475
  },
  {
    "lname":"Young",
    "finit":"M",
    "position":"3B",
    "games":126,
    "ab":468,
    "runs":49,
    "hits":129,
    "doubles":24,
    "triples":4,
    "hr":8,
    "rbi":42,
    "bb":42,
    "so":78,
    "sb":1,
    "cs":0,
    "avg":0.276,
    "obp":0.336,
    "slg":0.395
  },
  {
    "lname":"Brown",
    "finit":"D",
    "position":"LF",
    "games":139,
    "ab":496,
    "runs":65,
    "hits":135,
    "doubles":21,
    "triples":4,
    "hr":27,
    "rbi":83,
    "bb":39,
    "so":97,
    "sb":8,
    "cs":3,
    "avg":0.272,
    "obp":0.324,
    "slg":0.494
  },
  {
    "lname":"Ruiz",
    "finit":"C",
    "position":"C",
    "games":92,
    "ab":310,
    "runs":30,
    "hits":83,
    "doubles":16,
    "triples":0,
    "hr":5,
    "rbi":37,
    "bb":18,
    "so":39,
    "sb":1,
    "cs":0,
    "avg":0.268,
    "obp":0.320,
    "slg":0.368
  },
  {
    "lname":"Howard",
    "finit":"R",
    "position":"1B",
    "games":80,
    "ab":286,
    "runs":34,
    "hits":76,
    "doubles":20,
    "triples":2,
    "hr":11,
    "rbi":43,
    "bb":23,
    "so":95,
    "sb":0,
    "cs":0,
    "avg":0.266,
    "obp":0.319,
    "slg":0.465
  },
  {
    "lname":"Young",
    "finit":"D",
    "position":"RF",
    "games":80,
    "ab":272,
    "runs":22,
    "hits":71,
    "doubles":13,
    "triples":0,
    "hr":8,
    "rbi":31,
    "bb":14,
    "so":69,
    "sb":0,
    "cs":0,
    "avg":0.261,
    "obp":0.302,
    "slg":0.397
  },
  {
    "lname":"Rollins",
    "finit":"J",
    "position":"SS",
    "games":160,
    "ab":600,
    "runs":65,
    "hits":151,
    "doubles":36,
    "triples":2,
    "hr":6,
    "rbi":39,
    "bb":59,
    "so":93,
    "sb":22,
    "cs":6,
    "avg":0.252,
    "obp":0.318,
    "slg":0.348
  },
  {
    "lname":"Quintero",
    "finit":"H",
    "position":"C",
    "games":24,
    "ab":64,
    "runs":3,
    "hits":16,
    "doubles":4,
    "triples":0,
    "hr":2,
    "rbi":9,
    "bb":3,
    "so":15,
    "sb":0,
    "cs":0,
    "avg":0.250,
    "obp":0.294,
    "slg":0.406
  },
  {
    "lname":"Ruf",
    "finit":"D",
    "position":"LF",
    "games":73,
    "ab":251,
    "runs":36,
    "hits":62,
    "doubles":11,
    "triples":0,
    "hr":14,
    "rbi":30,
    "bb":33,
    "so":91,
    "sb":0,
    "cs":0,
    "avg":0.247,
    "obp":0.348,
    "slg":0.458
  },
  {
    "lname":"Asche",
    "finit":"C",
    "position":"3B",
    "games":50,
    "ab":162,
    "runs":18,
    "hits":38,
    "doubles":8,
    "triples":1,
    "hr":5,
    "rbi":22,
    "bb":15,
    "so":43,
    "sb":1,
    "cs":0,
    "avg":0.235,
    "obp":0.302,
    "slg":0.389
  },
  {
    "lname":"Galvis",
    "finit":"F",
    "position":"2B",
    "games":70,
    "ab":205,
    "runs":13,
    "hits":48,
    "doubles":5,
    "triples":4,
    "hr":6,
    "rbi":19,
    "bb":13,
    "so":45,
    "sb":1,
    "cs":0,
    "avg":0.234,
    "obp":0.283,
    "slg":0.385
  },
  {
    "lname":"Frandsen",
    "finit":"K",
    "position":"1B",
    "games":119,
    "ab":252,
    "runs":27,
    "hits":59,
    "doubles":10,
    "triples":1,
    "hr":5,
    "rbi":26,
    "bb":12,
    "so":29,
    "sb":1,
    "cs":0,
    "avg":0.234,
    "obp":0.296,
    "slg":0.341
  },
  {
    "lname":"Mayberry",
    "finit":"J",
    "position":"RF",
    "games":134,
    "ab":353,
    "runs":47,
    "hits":80,
    "doubles":23,
    "triples":1,
    "hr":11,
    "rbi":39,
    "bb":27,
    "so":90,
    "sb":5,
    "cs":3,
    "avg":0.227,
    "obp":0.286,
    "slg":0.391
  },
  {
    "lname":"Kratz",
    "finit":"E",
    "position":"C",
    "games":68,
    "ab":197,
    "runs":21,
    "hits":42,
    "doubles":7,
    "triples":0,
    "hr":9,
    "rbi":26,
    "bb":18,
    "so":45,
    "sb":0,
    "cs":0,
    "avg":0.213,
    "obp":0.280,
    "slg":0.386
  },
  {
    "lname":"Orr",
    "finit":"P",
    "position":"3B",
    "games":15,
    "ab":20,
    "runs":1,
    "hits":4,
    "doubles":0,
    "triples":0,
    "hr":0,
    "rbi":0,
    "bb":2,
    "so":8,
    "sb":0,
    "cs":0,
    "avg":0.200,
    "obp":0.273,
    "slg":0.200
  }
]