[
  {
    "lname":"Buck",
    "finit":"J",
    "position":"C",
    "games":9,
    "ab":24,
    "runs":1,
    "hits":8,
    "doubles":0,
    "triples":0,
    "hr":0,
    "rbi":2,
    "bb":0,
    "so":5,
    "sb":0,
    "cs":0,
    "avg":0.333,
    "obp":0.333,
    "slg":0.333
  },
  {
    "lname":"Byrd",
    "finit":"M",
    "position":"RF",
    "games":30,
    "ab":107,
    "runs":14,
    "hits":34,
    "doubles":9,
    "triples":0,
    "hr":3,
    "rbi":17,
    "bb":6,
    "so":20,
    "sb":0,
    "cs":0,
    "avg":0.318,
    "obp":0.357,
    "slg":0.486
  },
  {
    "lname":"McCutchen",
    "finit":"A",
    "position":"CF",
    "games":157,
    "ab":583,
    "runs":97,
    "hits":185,
    "doubles":38,
    "triples":5,
    "hr":21,
    "rbi":84,
    "bb":78,
    "so":101,
    "sb":27,
    "cs":10,
    "avg":0.317,
    "obp":0.404,
    "slg":0.508
  },
  {
    "lname":"Mercer",
    "finit":"J",
    "position":"SS",
    "games":103,
    "ab":333,
    "runs":33,
    "hits":95,
    "doubles":22,
    "triples":2,
    "hr":8,
    "rbi":27,
    "bb":22,
    "so":62,
    "sb":3,
    "cs":2,
    "avg":0.285,
    "obp":0.336,
    "slg":0.435
  },
  {
    "lname":"Tabata",
    "finit":"J",
    "position":"RF",
    "games":106,
    "ab":308,
    "runs":35,
    "hits":87,
    "doubles":17,
    "triples":5,
    "hr":6,
    "rbi":33,
    "bb":23,
    "so":45,
    "sb":3,
    "cs":1,
    "avg":0.282,
    "obp":0.342,
    "slg":0.429
  },
  {
    "lname":"Marte",
    "finit":"S",
    "position":"LF",
    "games":135,
    "ab":510,
    "runs":83,
    "hits":143,
    "doubles":26,
    "triples":10,
    "hr":12,
    "rbi":35,
    "bb":25,
    "so":138,
    "sb":41,
    "cs":15,
    "avg":0.280,
    "obp":0.343,
    "slg":0.441
  },
  {
    "lname":"McDonald",
    "finit":"J",
    "position":"P",
    "games":8,
    "ab":11,
    "runs":2,
    "hits":3,
    "doubles":0,
    "triples":0,
    "hr":0,
    "rbi":0,
    "bb":1,
    "so":5,
    "sb":0,
    "cs":0,
    "avg":0.273,
    "obp":0.333,
    "slg":0.273
  },
  {
    "lname":"Presley",
    "finit":"A",
    "position":"LF",
    "games":29,
    "ab":72,
    "runs":8,
    "hits":19,
    "doubles":1,
    "triples":1,
    "hr":2,
    "rbi":4,
    "bb":1,
    "so":18,
    "sb":0,
    "cs":1,
    "avg":0.264,
    "obp":0.274,
    "slg":0.389
  },
  {
    "lname":"Morneau",
    "finit":"J",
    "position":"1B",
    "games":25,
    "ab":77,
    "runs":6,
    "hits":20,
    "doubles":4,
    "triples":0,
    "hr":0,
    "rbi":3,
    "bb":13,
    "so":12,
    "sb":0,
    "cs":0,
    "avg":0.260,
    "obp":0.370,
    "slg":0.312
  },
  {
    "lname":"Sanchez",
    "finit":"G",
    "position":"1B",
    "games":136,
    "ab":264,
    "runs":29,
    "hits":67,
    "doubles":18,
    "triples":0,
    "hr":7,
    "rbi":36,
    "bb":44,
    "so":51,
    "sb":1,
    "cs":0,
    "avg":0.254,
    "obp":0.361,
    "slg":0.402
  },
  {
    "lname":"Walker",
    "finit":"N",
    "position":"2B",
    "games":133,
    "ab":478,
    "runs":62,
    "hits":120,
    "doubles":24,
    "triples":4,
    "hr":16,
    "rbi":53,
    "bb":50,
    "so":85,
    "sb":1,
    "cs":2,
    "avg":0.251,
    "obp":0.339,
    "slg":0.418
  },
  {
    "lname":"Harrison",
    "finit":"J",
    "position":"2B",
    "games":60,
    "ab":88,
    "runs":10,
    "hits":22,
    "doubles":1,
    "triples":2,
    "hr":3,
    "rbi":14,
    "bb":2,
    "so":10,
    "sb":2,
    "cs":0,
    "avg":0.250,
    "obp":0.290,
    "slg":0.409
  },
  {
    "lname":"Lambo",
    "finit":"A",
    "position":"RF",
    "games":18,
    "ab":30,
    "runs":4,
    "hits":7,
    "doubles":2,
    "triples":0,
    "hr":1,
    "rbi":2,
    "bb":3,
    "so":11,
    "sb":0,
    "cs":1,
    "avg":0.233,
    "obp":0.303,
    "slg":0.400
  },
  {
    "lname":"Sanchez",
    "finit":"T",
    "position":"C",
    "games":22,
    "ab":60,
    "runs":9,
    "hits":14,
    "doubles":4,
    "triples":0,
    "hr":2,
    "rbi":5,
    "bb":3,
    "so":14,
    "sb":0,
    "cs":0,
    "avg":0.233,
    "obp":0.288,
    "slg":0.400
  },
  {
    "lname":"Jones",
    "finit":"G",
    "position":"1B",
    "games":144,
    "ab":403,
    "runs":41,
    "hits":94,
    "doubles":26,
    "triples":2,
    "hr":15,
    "rbi":51,
    "bb":31,
    "so":101,
    "sb":2,
    "cs":0,
    "avg":0.233,
    "obp":0.289,
    "slg":0.419
  },
  {
    "lname":"Alvarez",
    "finit":"P",
    "position":"3B",
    "games":152,
    "ab":558,
    "runs":70,
    "hits":130,
    "doubles":22,
    "triples":2,
    "hr":36,
    "rbi":100,
    "bb":48,
    "so":186,
    "sb":2,
    "cs":0,
    "avg":0.233,
    "obp":0.296,
    "slg":0.473
  },
  {
    "lname":"Martin",
    "finit":"R",
    "position":"C",
    "games":127,
    "ab":438,
    "runs":51,
    "hits":99,
    "doubles":21,
    "triples":0,
    "hr":15,
    "rbi":55,
    "bb":58,
    "so":108,
    "sb":9,
    "cs":5,
    "avg":0.226,
    "obp":0.327,
    "slg":0.377
  },
  {
    "lname":"McKenry",
    "finit":"M",
    "position":"C",
    "games":41,
    "ab":115,
    "runs":9,
    "hits":25,
    "doubles":6,
    "triples":0,
    "hr":3,
    "rbi":14,
    "bb":5,
    "so":24,
    "sb":0,
    "cs":0,
    "avg":0.217,
    "obp":0.262,
    "slg":0.348
  },
  {
    "lname":"Snider",
    "finit":"T",
    "position":"RF",
    "games":111,
    "ab":261,
    "runs":28,
    "hits":56,
    "doubles":12,
    "triples":2,
    "hr":5,
    "rbi":25,
    "bb":24,
    "so":75,
    "sb":2,
    "cs":3,
    "avg":0.215,
    "obp":0.281,
    "slg":0.333
  },
  {
    "lname":"Barmes",
    "finit":"C",
    "position":"SS",
    "games":108,
    "ab":304,
    "runs":22,
    "hits":64,
    "doubles":15,
    "triples":0,
    "hr":5,
    "rbi":23,
    "bb":14,
    "so":70,
    "sb":0,
    "cs":0,
    "avg":0.211,
    "obp":0.249,
    "slg":0.309
  }
]