[
  {
    "lname":"Butler",
    "finit":"J",
    "position":"RF",
    "games":8,
    "ab":12,
    "runs":3,
    "hits":4,
    "doubles":2,
    "triples":0,
    "hr":0,
    "rbi":1,
    "bb":3,
    "so":6,
    "sb":0,
    "cs":0,
    "avg":0.333,
    "obp":0.467,
    "slg":0.500
  },
  {
    "lname":"Beltre",
    "finit":"A",
    "position":"3B",
    "games":161,
    "ab":631,
    "runs":88,
    "hits":199,
    "doubles":32,
    "triples":0,
    "hr":30,
    "rbi":92,
    "bb":50,
    "so":78,
    "sb":1,
    "cs":0,
    "avg":0.315,
    "obp":0.371,
    "slg":0.509
  },
  {
    "lname":"Gentry",
    "finit":"C",
    "position":"CF",
    "games":106,
    "ab":246,
    "runs":39,
    "hits":69,
    "doubles":12,
    "triples":4,
    "hr":2,
    "rbi":22,
    "bb":29,
    "so":46,
    "sb":24,
    "cs":3,
    "avg":0.280,
    "obp":0.373,
    "slg":0.386
  },
  {
    "lname":"Rios",
    "finit":"A",
    "position":"RF",
    "games":47,
    "ab":186,
    "runs":26,
    "hits":52,
    "doubles":11,
    "triples":2,
    "hr":6,
    "rbi":26,
    "bb":9,
    "so":30,
    "sb":16,
    "cs":1,
    "avg":0.280,
    "obp":0.315,
    "slg":0.457
  },
  {
    "lname":"Baker",
    "finit":"J",
    "position":"LF",
    "games":74,
    "ab":154,
    "runs":21,
    "hits":43,
    "doubles":8,
    "triples":0,
    "hr":11,
    "rbi":21,
    "bb":18,
    "so":48,
    "sb":1,
    "cs":0,
    "avg":0.279,
    "obp":0.360,
    "slg":0.545
  },
  {
    "lname":"Kinsler",
    "finit":"I",
    "position":"2B",
    "games":136,
    "ab":545,
    "runs":85,
    "hits":151,
    "doubles":31,
    "triples":2,
    "hr":13,
    "rbi":72,
    "bb":51,
    "so":59,
    "sb":15,
    "cs":11,
    "avg":0.277,
    "obp":0.344,
    "slg":0.413
  },
  {
    "lname":"Pierzynski",
    "finit":"A",
    "position":"C",
    "games":134,
    "ab":503,
    "runs":48,
    "hits":137,
    "doubles":24,
    "triples":1,
    "hr":17,
    "rbi":70,
    "bb":11,
    "so":76,
    "sb":1,
    "cs":1,
    "avg":0.272,
    "obp":0.297,
    "slg":0.425
  },
  {
    "lname":"Andrus",
    "finit":"E",
    "position":"SS",
    "games":156,
    "ab":620,
    "runs":91,
    "hits":168,
    "doubles":17,
    "triples":4,
    "hr":4,
    "rbi":67,
    "bb":52,
    "so":97,
    "sb":42,
    "cs":8,
    "avg":0.271,
    "obp":0.328,
    "slg":0.331
  },
  {
    "lname":"Cruz",
    "finit":"N",
    "position":"RF",
    "games":109,
    "ab":413,
    "runs":49,
    "hits":110,
    "doubles":18,
    "triples":0,
    "hr":27,
    "rbi":76,
    "bb":35,
    "so":109,
    "sb":5,
    "cs":1,
    "avg":0.266,
    "obp":0.327,
    "slg":0.506
  },
  {
    "lname":"Martin",
    "finit":"L",
    "position":"CF",
    "games":147,
    "ab":457,
    "runs":66,
    "hits":119,
    "doubles":21,
    "triples":6,
    "hr":8,
    "rbi":49,
    "bb":28,
    "so":104,
    "sb":36,
    "cs":9,
    "avg":0.260,
    "obp":0.313,
    "slg":0.385
  },
  {
    "lname":"Adduci",
    "finit":"J",
    "position":"LF",
    "games":17,
    "ab":31,
    "runs":2,
    "hits":8,
    "doubles":1,
    "triples":0,
    "hr":0,
    "rbi":0,
    "bb":3,
    "so":9,
    "sb":2,
    "cs":0,
    "avg":0.258,
    "obp":0.324,
    "slg":0.290
  },
  {
    "lname":"Beltre",
    "finit":"E",
    "position":"RF",
    "games":22,
    "ab":40,
    "runs":7,
    "hits":10,
    "doubles":1,
    "triples":0,
    "hr":0,
    "rbi":2,
    "bb":0,
    "so":5,
    "sb":1,
    "cs":2,
    "avg":0.250,
    "obp":0.268,
    "slg":0.275
  },
  {
    "lname":"Soto",
    "finit":"G",
    "position":"C",
    "games":54,
    "ab":163,
    "runs":20,
    "hits":40,
    "doubles":9,
    "triples":0,
    "hr":9,
    "rbi":22,
    "bb":20,
    "so":60,
    "sb":1,
    "cs":2,
    "avg":0.245,
    "obp":0.328,
    "slg":0.466
  },
  {
    "lname":"Berkman",
    "finit":"L",
    "position":"DH",
    "games":73,
    "ab":256,
    "runs":27,
    "hits":62,
    "doubles":10,
    "triples":1,
    "hr":6,
    "rbi":34,
    "bb":38,
    "so":52,
    "sb":0,
    "cs":0,
    "avg":0.242,
    "obp":0.340,
    "slg":0.359
  },
  {
    "lname":"Profar",
    "finit":"J",
    "position":"2B",
    "games":85,
    "ab":286,
    "runs":30,
    "hits":67,
    "doubles":11,
    "triples":0,
    "hr":6,
    "rbi":26,
    "bb":26,
    "so":63,
    "sb":2,
    "cs":4,
    "avg":0.234,
    "obp":0.308,
    "slg":0.336
  },
  {
    "lname":"Moreland",
    "finit":"M",
    "position":"1B",
    "games":147,
    "ab":462,
    "runs":60,
    "hits":107,
    "doubles":24,
    "triples":1,
    "hr":23,
    "rbi":60,
    "bb":45,
    "so":117,
    "sb":0,
    "cs":0,
    "avg":0.232,
    "obp":0.299,
    "slg":0.437
  },
  {
    "lname":"Murphy",
    "finit":"D",
    "position":"LF",
    "games":142,
    "ab":436,
    "runs":51,
    "hits":96,
    "doubles":26,
    "triples":1,
    "hr":13,
    "rbi":45,
    "bb":37,
    "so":59,
    "sb":1,
    "cs":4,
    "avg":0.220,
    "obp":0.282,
    "slg":0.374
  },
  {
    "lname":"Garcia",
    "finit":"L",
    "position":"2B",
    "games":25,
    "ab":52,
    "runs":8,
    "hits":10,
    "doubles":0,
    "triples":1,
    "hr":0,
    "rbi":1,
    "bb":3,
    "so":16,
    "sb":1,
    "cs":0,
    "avg":0.192,
    "obp":0.236,
    "slg":0.231
  },
  {
    "lname":"Rosales",
    "finit":"A",
    "position":"1B",
    "games":17,
    "ab":11,
    "runs":4,
    "hits":2,
    "doubles":0,
    "triples":0,
    "hr":1,
    "rbi":4,
    "bb":0,
    "so":3,
    "sb":0,
    "cs":0,
    "avg":0.182,
    "obp":0.167,
    "slg":0.455
  },
  {
    "lname":"Chirinos",
    "finit":"R",
    "position":"C",
    "games":13,
    "ab":28,
    "runs":3,
    "hits":5,
    "doubles":3,
    "triples":0,
    "hr":0,
    "rbi":0,
    "bb":2,
    "so":6,
    "sb":0,
    "cs":0,
    "avg":0.179,
    "obp":0.233,
    "slg":0.286
  }
]