[
  {
    "lname":"Beckham",
    "finit":"T",
    "position":"2B",
    "games":5,
    "ab":7,
    "runs":1,
    "hits":3,
    "doubles":0,
    "triples":0,
    "hr":0,
    "rbi":1,
    "bb":0,
    "so":0,
    "sb":0,
    "cs":0,
    "avg":0.429,
    "obp":0.375,
    "slg":0.429
  },
  {
    "lname":"Gimenez",
    "finit":"C",
    "position":"C",
    "games":4,
    "ab":3,
    "runs":0,
    "hits":1,
    "doubles":1,
    "triples":0,
    "hr":0,
    "rbi":0,
    "bb":1,
    "so":1,
    "sb":0,
    "cs":0,
    "avg":0.333,
    "obp":0.500,
    "slg":0.667
  },
  {
    "lname":"Hellickson",
    "finit":"J",
    "position":"P",
    "games":2,
    "ab":3,
    "runs":0,
    "hits":1,
    "doubles":0,
    "triples":0,
    "hr":0,
    "rbi":0,
    "bb":0,
    "so":1,
    "sb":0,
    "cs":0,
    "avg":0.333,
    "obp":0.333,
    "slg":0.333
  },
  {
    "lname":"Loney",
    "finit":"J",
    "position":"1B",
    "games":158,
    "ab":549,
    "runs":54,
    "hits":164,
    "doubles":33,
    "triples":0,
    "hr":13,
    "rbi":75,
    "bb":44,
    "so":77,
    "sb":3,
    "cs":1,
    "avg":0.299,
    "obp":0.348,
    "slg":0.430
  },
  {
    "lname":"Myers",
    "finit":"W",
    "position":"RF",
    "games":88,
    "ab":335,
    "runs":50,
    "hits":98,
    "doubles":23,
    "triples":0,
    "hr":13,
    "rbi":53,
    "bb":33,
    "so":91,
    "sb":5,
    "cs":2,
    "avg":0.293,
    "obp":0.354,
    "slg":0.478
  },
  {
    "lname":"Zobrist",
    "finit":"B",
    "position":"2B",
    "games":157,
    "ab":612,
    "runs":77,
    "hits":168,
    "doubles":36,
    "triples":3,
    "hr":12,
    "rbi":71,
    "bb":72,
    "so":91,
    "sb":11,
    "cs":3,
    "avg":0.275,
    "obp":0.354,
    "slg":0.402
  },
  {
    "lname":"Longoria",
    "finit":"E",
    "position":"3B",
    "games":160,
    "ab":614,
    "runs":91,
    "hits":165,
    "doubles":39,
    "triples":3,
    "hr":32,
    "rbi":88,
    "bb":70,
    "so":162,
    "sb":1,
    "cs":0,
    "avg":0.269,
    "obp":0.343,
    "slg":0.498
  },
  {
    "lname":"DeJesus",
    "finit":"D",
    "position":"LF",
    "games":35,
    "ab":104,
    "runs":13,
    "hits":27,
    "doubles":10,
    "triples":0,
    "hr":2,
    "rbi":11,
    "bb":10,
    "so":23,
    "sb":2,
    "cs":3,
    "avg":0.260,
    "obp":0.328,
    "slg":0.413
  },
  {
    "lname":"Young",
    "finit":"D",
    "position":"DH",
    "games":23,
    "ab":62,
    "runs":8,
    "hits":16,
    "doubles":3,
    "triples":0,
    "hr":3,
    "rbi":7,
    "bb":6,
    "so":9,
    "sb":0,
    "cs":0,
    "avg":0.258,
    "obp":0.329,
    "slg":0.452
  },
  {
    "lname":"Escobar",
    "finit":"Y",
    "position":"SS",
    "games":153,
    "ab":508,
    "runs":61,
    "hits":130,
    "doubles":27,
    "triples":1,
    "hr":9,
    "rbi":56,
    "bb":57,
    "so":73,
    "sb":4,
    "cs":4,
    "avg":0.256,
    "obp":0.332,
    "slg":0.366
  },
  {
    "lname":"Jennings",
    "finit":"D",
    "position":"CF",
    "games":139,
    "ab":527,
    "runs":82,
    "hits":133,
    "doubles":31,
    "triples":6,
    "hr":14,
    "rbi":54,
    "bb":64,
    "so":115,
    "sb":20,
    "cs":8,
    "avg":0.252,
    "obp":0.334,
    "slg":0.414
  },
  {
    "lname":"Lobaton",
    "finit":"J",
    "position":"C",
    "games":100,
    "ab":277,
    "runs":38,
    "hits":69,
    "doubles":15,
    "triples":2,
    "hr":7,
    "rbi":32,
    "bb":30,
    "so":65,
    "sb":0,
    "cs":1,
    "avg":0.249,
    "obp":0.320,
    "slg":0.394
  },
  {
    "lname":"Roberts",
    "finit":"R",
    "position":"2B",
    "games":60,
    "ab":162,
    "runs":15,
    "hits":40,
    "doubles":6,
    "triples":0,
    "hr":5,
    "rbi":17,
    "bb":11,
    "so":39,
    "sb":0,
    "cs":2,
    "avg":0.247,
    "obp":0.295,
    "slg":0.377
  },
  {
    "lname":"Rodriguez",
    "finit":"S",
    "position":"LF",
    "games":96,
    "ab":195,
    "runs":21,
    "hits":48,
    "doubles":10,
    "triples":1,
    "hr":5,
    "rbi":23,
    "bb":17,
    "so":59,
    "sb":1,
    "cs":3,
    "avg":0.246,
    "obp":0.320,
    "slg":0.385
  },
  {
    "lname":"Scott",
    "finit":"L",
    "position":"DH",
    "games":91,
    "ab":253,
    "runs":27,
    "hits":61,
    "doubles":13,
    "triples":2,
    "hr":9,
    "rbi":40,
    "bb":30,
    "so":63,
    "sb":1,
    "cs":1,
    "avg":0.241,
    "obp":0.326,
    "slg":0.415
  },
  {
    "lname":"Johnson",
    "finit":"K",
    "position":"LF",
    "games":118,
    "ab":366,
    "runs":41,
    "hits":86,
    "doubles":12,
    "triples":2,
    "hr":16,
    "rbi":52,
    "bb":35,
    "so":99,
    "sb":7,
    "cs":4,
    "avg":0.235,
    "obp":0.305,
    "slg":0.410
  },
  {
    "lname":"Joyce",
    "finit":"M",
    "position":"LF",
    "games":140,
    "ab":413,
    "runs":61,
    "hits":97,
    "doubles":22,
    "triples":0,
    "hr":18,
    "rbi":47,
    "bb":59,
    "so":87,
    "sb":7,
    "cs":3,
    "avg":0.235,
    "obp":0.328,
    "slg":0.419
  },
  {
    "lname":"Molina",
    "finit":"J",
    "position":"C",
    "games":99,
    "ab":283,
    "runs":26,
    "hits":66,
    "doubles":14,
    "triples":0,
    "hr":2,
    "rbi":18,
    "bb":22,
    "so":63,
    "sb":2,
    "cs":1,
    "avg":0.233,
    "obp":0.290,
    "slg":0.304
  },
  {
    "lname":"Fuld",
    "finit":"S",
    "position":"LF",
    "games":118,
    "ab":176,
    "runs":25,
    "hits":35,
    "doubles":0,
    "triples":3,
    "hr":2,
    "rbi":17,
    "bb":17,
    "so":28,
    "sb":8,
    "cs":2,
    "avg":0.199,
    "obp":0.270,
    "slg":0.267
  },
  {
    "lname":"Bourgeois",
    "finit":"J",
    "position":"CF",
    "games":9,
    "ab":16,
    "runs":2,
    "hits":3,
    "doubles":0,
    "triples":0,
    "hr":1,
    "rbi":2,
    "bb":2,
    "so":4,
    "sb":0,
    "cs":0,
    "avg":0.188,
    "obp":0.278,
    "slg":0.375
  }
]