[
  {
    "lname":"Duke",
    "finit":"Z",
    "position":"P",
    "games":13,
    "ab":1,
    "runs":0,
    "hits":1,
    "doubles":0,
    "triples":0,
    "hr":0,
    "rbi":0,
    "bb":0,
    "so":0,
    "sb":0,
    "cs":0,
    "avg":1.000,
    "obp":1.000,
    "slg":1.000
  },
  {
    "lname":"Parra",
    "finit":"M",
    "position":"P",
    "games":52,
    "ab":2,
    "runs":1,
    "hits":1,
    "doubles":0,
    "triples":0,
    "hr":0,
    "rbi":0,
    "bb":0,
    "so":0,
    "sb":0,
    "cs":0,
    "avg":0.500,
    "obp":0.500,
    "slg":0.500
  },
  {
    "lname":"Hamilton",
    "finit":"B",
    "position":"CF",
    "games":13,
    "ab":19,
    "runs":9,
    "hits":7,
    "doubles":2,
    "triples":0,
    "hr":0,
    "rbi":1,
    "bb":2,
    "so":4,
    "sb":13,
    "cs":1,
    "avg":0.368,
    "obp":0.429,
    "slg":0.474
  },
  {
    "lname":"Votto",
    "finit":"J",
    "position":"1B",
    "games":162,
    "ab":581,
    "runs":101,
    "hits":177,
    "doubles":30,
    "triples":3,
    "hr":24,
    "rbi":73,
    "bb":135,
    "so":138,
    "sb":6,
    "cs":3,
    "avg":0.305,
    "obp":0.435,
    "slg":0.491
  },
  {
    "lname":"Choo",
    "finit":"S",
    "position":"CF",
    "games":154,
    "ab":569,
    "runs":107,
    "hits":162,
    "doubles":34,
    "triples":2,
    "hr":21,
    "rbi":54,
    "bb":112,
    "so":133,
    "sb":20,
    "cs":11,
    "avg":0.285,
    "obp":0.423,
    "slg":0.462
  },
  {
    "lname":"Bruce",
    "finit":"J",
    "position":"RF",
    "games":160,
    "ab":626,
    "runs":89,
    "hits":164,
    "doubles":43,
    "triples":1,
    "hr":30,
    "rbi":109,
    "bb":63,
    "so":185,
    "sb":7,
    "cs":3,
    "avg":0.262,
    "obp":0.329,
    "slg":0.478
  },
  {
    "lname":"Phillips",
    "finit":"B",
    "position":"2B",
    "games":151,
    "ab":606,
    "runs":80,
    "hits":158,
    "doubles":24,
    "triples":2,
    "hr":18,
    "rbi":103,
    "bb":39,
    "so":98,
    "sb":5,
    "cs":3,
    "avg":0.261,
    "obp":0.310,
    "slg":0.396
  },
  {
    "lname":"Miller",
    "finit":"C",
    "position":"C",
    "games":17,
    "ab":35,
    "runs":2,
    "hits":9,
    "doubles":5,
    "triples":0,
    "hr":0,
    "rbi":8,
    "bb":5,
    "so":6,
    "sb":0,
    "cs":0,
    "avg":0.257,
    "obp":0.366,
    "slg":0.400
  },
  {
    "lname":"Robinson",
    "finit":"D",
    "position":"LF",
    "games":102,
    "ab":192,
    "runs":21,
    "hits":49,
    "doubles":7,
    "triples":3,
    "hr":0,
    "rbi":8,
    "bb":18,
    "so":44,
    "sb":4,
    "cs":5,
    "avg":0.255,
    "obp":0.322,
    "slg":0.323
  },
  {
    "lname":"Cozart",
    "finit":"Z",
    "position":"SS",
    "games":151,
    "ab":567,
    "runs":74,
    "hits":144,
    "doubles":30,
    "triples":3,
    "hr":12,
    "rbi":63,
    "bb":26,
    "so":102,
    "sb":0,
    "cs":0,
    "avg":0.254,
    "obp":0.284,
    "slg":0.381
  },
  {
    "lname":"Cingrani",
    "finit":"T",
    "position":"P",
    "games":22,
    "ab":28,
    "runs":4,
    "hits":7,
    "doubles":1,
    "triples":0,
    "hr":0,
    "rbi":1,
    "bb":0,
    "so":9,
    "sb":1,
    "cs":0,
    "avg":0.250,
    "obp":0.250,
    "slg":0.286
  },
  {
    "lname":"Paul",
    "finit":"X",
    "position":"LF",
    "games":97,
    "ab":209,
    "runs":24,
    "hits":51,
    "doubles":12,
    "triples":0,
    "hr":7,
    "rbi":32,
    "bb":27,
    "so":53,
    "sb":0,
    "cs":1,
    "avg":0.244,
    "obp":0.339,
    "slg":0.402
  },
  {
    "lname":"Lutz",
    "finit":"D",
    "position":"LF",
    "games":34,
    "ab":58,
    "runs":5,
    "hits":14,
    "doubles":1,
    "triples":0,
    "hr":1,
    "rbi":8,
    "bb":1,
    "so":14,
    "sb":2,
    "cs":0,
    "avg":0.241,
    "obp":0.254,
    "slg":0.310
  },
  {
    "lname":"Ludwick",
    "finit":"R",
    "position":"LF",
    "games":38,
    "ab":129,
    "runs":7,
    "hits":31,
    "doubles":5,
    "triples":0,
    "hr":2,
    "rbi":12,
    "bb":10,
    "so":29,
    "sb":0,
    "cs":0,
    "avg":0.240,
    "obp":0.293,
    "slg":0.326
  },
  {
    "lname":"Mesoraco",
    "finit":"D",
    "position":"C",
    "games":103,
    "ab":323,
    "runs":31,
    "hits":77,
    "doubles":13,
    "triples":0,
    "hr":9,
    "rbi":42,
    "bb":24,
    "so":61,
    "sb":0,
    "cs":2,
    "avg":0.238,
    "obp":0.287,
    "slg":0.362
  },
  {
    "lname":"Heisey",
    "finit":"C",
    "position":"LF",
    "games":87,
    "ab":224,
    "runs":29,
    "hits":53,
    "doubles":11,
    "triples":1,
    "hr":9,
    "rbi":23,
    "bb":9,
    "so":51,
    "sb":3,
    "cs":0,
    "avg":0.237,
    "obp":0.279,
    "slg":0.415
  },
  {
    "lname":"Frazier",
    "finit":"T",
    "position":"3B",
    "games":150,
    "ab":531,
    "runs":63,
    "hits":124,
    "doubles":29,
    "triples":3,
    "hr":19,
    "rbi":73,
    "bb":50,
    "so":125,
    "sb":6,
    "cs":5,
    "avg":0.234,
    "obp":0.314,
    "slg":0.407
  },
  {
    "lname":"Hannahan",
    "finit":"J",
    "position":"3B",
    "games":83,
    "ab":139,
    "runs":12,
    "hits":30,
    "doubles":5,
    "triples":1,
    "hr":1,
    "rbi":14,
    "bb":19,
    "so":38,
    "sb":0,
    "cs":0,
    "avg":0.216,
    "obp":0.317,
    "slg":0.288
  },
  {
    "lname":"Izturis",
    "finit":"C",
    "position":"SS",
    "games":63,
    "ab":129,
    "runs":6,
    "hits":27,
    "doubles":8,
    "triples":0,
    "hr":0,
    "rbi":11,
    "bb":9,
    "so":13,
    "sb":0,
    "cs":0,
    "avg":0.209,
    "obp":0.259,
    "slg":0.271
  },
  {
    "lname":"Hanigan",
    "finit":"R",
    "position":"C",
    "games":75,
    "ab":222,
    "runs":17,
    "hits":44,
    "doubles":8,
    "triples":0,
    "hr":2,
    "rbi":21,
    "bb":29,
    "so":27,
    "sb":0,
    "cs":1,
    "avg":0.198,
    "obp":0.306,
    "slg":0.261
  }
]