[
  {
    "lname":"Oswalt",
    "finit":"R",
    "position":"P",
    "games":8,
    "ab":6,
    "runs":0,
    "hits":2,
    "doubles":0,
    "triples":0,
    "hr":0,
    "rbi":0,
    "bb":0,
    "so":2,
    "sb":0,
    "cs":0,
    "avg":0.333,
    "obp":0.333,
    "slg":0.333
  },
  {
    "lname":"Cuddyer",
    "finit":"M",
    "position":"RF",
    "games":130,
    "ab":489,
    "runs":74,
    "hits":162,
    "doubles":31,
    "triples":3,
    "hr":20,
    "rbi":84,
    "bb":46,
    "so":100,
    "sb":10,
    "cs":3,
    "avg":0.331,
    "obp":0.389,
    "slg":0.530
  },
  {
    "lname":"Tulowitzki",
    "finit":"T",
    "position":"SS",
    "games":126,
    "ab":446,
    "runs":72,
    "hits":139,
    "doubles":27,
    "triples":0,
    "hr":25,
    "rbi":82,
    "bb":57,
    "so":85,
    "sb":1,
    "cs":0,
    "avg":0.312,
    "obp":0.391,
    "slg":0.540
  },
  {
    "lname":"Blackmon",
    "finit":"C",
    "position":"RF",
    "games":82,
    "ab":246,
    "runs":35,
    "hits":76,
    "doubles":17,
    "triples":2,
    "hr":6,
    "rbi":22,
    "bb":7,
    "so":49,
    "sb":7,
    "cs":0,
    "avg":0.309,
    "obp":0.336,
    "slg":0.467
  },
  {
    "lname":"Gonzalez",
    "finit":"C",
    "position":"LF",
    "games":110,
    "ab":391,
    "runs":72,
    "hits":118,
    "doubles":23,
    "triples":6,
    "hr":26,
    "rbi":70,
    "bb":41,
    "so":118,
    "sb":21,
    "cs":3,
    "avg":0.302,
    "obp":0.367,
    "slg":0.591
  },
  {
    "lname":"Chatwood",
    "finit":"T",
    "position":"P",
    "games":26,
    "ab":40,
    "runs":3,
    "hits":12,
    "doubles":1,
    "triples":0,
    "hr":0,
    "rbi":7,
    "bb":2,
    "so":8,
    "sb":0,
    "cs":0,
    "avg":0.300,
    "obp":0.333,
    "slg":0.325
  },
  {
    "lname":"Culberson",
    "finit":"C",
    "position":"2B",
    "games":47,
    "ab":99,
    "runs":12,
    "hits":29,
    "doubles":5,
    "triples":0,
    "hr":2,
    "rbi":12,
    "bb":4,
    "so":23,
    "sb":5,
    "cs":1,
    "avg":0.293,
    "obp":0.317,
    "slg":0.404
  },
  {
    "lname":"Herrera",
    "finit":"J",
    "position":"SS",
    "games":81,
    "ab":195,
    "runs":16,
    "hits":57,
    "doubles":7,
    "triples":2,
    "hr":1,
    "rbi":16,
    "bb":14,
    "so":24,
    "sb":3,
    "cs":2,
    "avg":0.292,
    "obp":0.336,
    "slg":0.364
  },
  {
    "lname":"Rosario",
    "finit":"W",
    "position":"C",
    "games":121,
    "ab":449,
    "runs":63,
    "hits":131,
    "doubles":22,
    "triples":1,
    "hr":21,
    "rbi":79,
    "bb":15,
    "so":109,
    "sb":4,
    "cs":1,
    "avg":0.292,
    "obp":0.315,
    "slg":0.486
  },
  {
    "lname":"LeMahieu",
    "finit":"D",
    "position":"2B",
    "games":109,
    "ab":404,
    "runs":39,
    "hits":113,
    "doubles":21,
    "triples":3,
    "hr":2,
    "rbi":28,
    "bb":19,
    "so":67,
    "sb":18,
    "cs":7,
    "avg":0.280,
    "obp":0.311,
    "slg":0.361
  },
  {
    "lname":"Arenado",
    "finit":"N",
    "position":"3B",
    "games":133,
    "ab":486,
    "runs":49,
    "hits":130,
    "doubles":29,
    "triples":4,
    "hr":10,
    "rbi":52,
    "bb":23,
    "so":72,
    "sb":2,
    "cs":0,
    "avg":0.267,
    "obp":0.301,
    "slg":0.405
  },
  {
    "lname":"Dickerson",
    "finit":"C",
    "position":"LF",
    "games":69,
    "ab":194,
    "runs":32,
    "hits":51,
    "doubles":13,
    "triples":5,
    "hr":5,
    "rbi":17,
    "bb":16,
    "so":41,
    "sb":2,
    "cs":2,
    "avg":0.263,
    "obp":0.316,
    "slg":0.459
  },
  {
    "lname":"Fowler",
    "finit":"D",
    "position":"CF",
    "games":119,
    "ab":415,
    "runs":71,
    "hits":109,
    "doubles":18,
    "triples":3,
    "hr":12,
    "rbi":42,
    "bb":65,
    "so":105,
    "sb":19,
    "cs":9,
    "avg":0.263,
    "obp":0.369,
    "slg":0.407
  },
  {
    "lname":"Brignac",
    "finit":"R",
    "position":"SS",
    "games":29,
    "ab":48,
    "runs":4,
    "hits":12,
    "doubles":3,
    "triples":0,
    "hr":1,
    "rbi":6,
    "bb":3,
    "so":13,
    "sb":0,
    "cs":0,
    "avg":0.250,
    "obp":0.294,
    "slg":0.375
  },
  {
    "lname":"McHugh",
    "finit":"C",
    "position":"P",
    "games":4,
    "ab":4,
    "runs":0,
    "hits":1,
    "doubles":0,
    "triples":0,
    "hr":0,
    "rbi":0,
    "bb":0,
    "so":1,
    "sb":0,
    "cs":0,
    "avg":0.250,
    "obp":0.250,
    "slg":0.250
  },
  {
    "lname":"Helton",
    "finit":"T",
    "position":"1B",
    "games":124,
    "ab":397,
    "runs":41,
    "hits":99,
    "doubles":22,
    "triples":1,
    "hr":15,
    "rbi":61,
    "bb":40,
    "so":87,
    "sb":0,
    "cs":0,
    "avg":0.249,
    "obp":0.314,
    "slg":0.423
  },
  {
    "lname":"Nelson",
    "finit":"C",
    "position":"3B",
    "games":21,
    "ab":66,
    "runs":6,
    "hits":16,
    "doubles":1,
    "triples":2,
    "hr":0,
    "rbi":4,
    "bb":4,
    "so":19,
    "sb":0,
    "cs":0,
    "avg":0.242,
    "obp":0.282,
    "slg":0.318
  },
  {
    "lname":"Young",
    "finit":"E",
    "position":"RF",
    "games":57,
    "ab":165,
    "runs":22,
    "hits":40,
    "doubles":9,
    "triples":3,
    "hr":1,
    "rbi":6,
    "bb":11,
    "so":33,
    "sb":8,
    "cs":4,
    "avg":0.242,
    "obp":0.290,
    "slg":0.352
  },
  {
    "lname":"Torrealba",
    "finit":"Y",
    "position":"C",
    "games":61,
    "ab":179,
    "runs":10,
    "hits":43,
    "doubles":8,
    "triples":0,
    "hr":0,
    "rbi":16,
    "bb":13,
    "so":24,
    "sb":0,
    "cs":0,
    "avg":0.240,
    "obp":0.295,
    "slg":0.285
  },
  {
    "lname":"Pacheco",
    "finit":"J",
    "position":"1B",
    "games":95,
    "ab":247,
    "runs":23,
    "hits":59,
    "doubles":15,
    "triples":0,
    "hr":1,
    "rbi":22,
    "bb":10,
    "so":38,
    "sb":0,
    "cs":0,
    "avg":0.239,
    "obp":0.276,
    "slg":0.312
  }
]