[
  {
    "lname":"Chen",
    "finit":"B",
    "position":"P",
    "games":2,
    "ab":2,
    "runs":1,
    "hits":1,
    "doubles":0,
    "triples":0,
    "hr":0,
    "rbi":0,
    "bb":0,
    "so":1,
    "sb":0,
    "cs":0,
    "avg":0.500,
    "obp":0.500,
    "slg":0.500
  },
  {
    "lname":"Mendoza",
    "finit":"L",
    "position":"P",
    "games":3,
    "ab":5,
    "runs":0,
    "hits":2,
    "doubles":0,
    "triples":0,
    "hr":0,
    "rbi":1,
    "bb":0,
    "so":2,
    "sb":0,
    "cs":0,
    "avg":0.400,
    "obp":0.400,
    "slg":0.400
  },
  {
    "lname":"Shields",
    "finit":"J",
    "position":"P",
    "games":1,
    "ab":3,
    "runs":1,
    "hits":1,
    "doubles":0,
    "triples":0,
    "hr":0,
    "rbi":0,
    "bb":0,
    "so":1,
    "sb":0,
    "cs":0,
    "avg":0.333,
    "obp":0.333,
    "slg":0.333
  },
  {
    "lname":"Hosmer",
    "finit":"E",
    "position":"1B",
    "games":159,
    "ab":623,
    "runs":86,
    "hits":188,
    "doubles":34,
    "triples":3,
    "hr":17,
    "rbi":79,
    "bb":51,
    "so":100,
    "sb":11,
    "cs":4,
    "avg":0.302,
    "obp":0.353,
    "slg":0.448
  },
  {
    "lname":"Moore",
    "finit":"A",
    "position":"C",
    "games":5,
    "ab":10,
    "runs":1,
    "hits":3,
    "doubles":1,
    "triples":0,
    "hr":0,
    "rbi":0,
    "bb":1,
    "so":2,
    "sb":1,
    "cs":0,
    "avg":0.300,
    "obp":0.364,
    "slg":0.400
  },
  {
    "lname":"Perez",
    "finit":"S",
    "position":"C",
    "games":138,
    "ab":496,
    "runs":48,
    "hits":145,
    "doubles":25,
    "triples":3,
    "hr":13,
    "rbi":79,
    "bb":21,
    "so":63,
    "sb":0,
    "cs":0,
    "avg":0.292,
    "obp":0.323,
    "slg":0.433
  },
  {
    "lname":"Butler",
    "finit":"B",
    "position":"DH",
    "games":162,
    "ab":582,
    "runs":62,
    "hits":168,
    "doubles":27,
    "triples":0,
    "hr":15,
    "rbi":82,
    "bb":79,
    "so":102,
    "sb":0,
    "cs":0,
    "avg":0.289,
    "obp":0.374,
    "slg":0.412
  },
  {
    "lname":"Tejada",
    "finit":"M",
    "position":"2B",
    "games":53,
    "ab":156,
    "runs":15,
    "hits":45,
    "doubles":5,
    "triples":0,
    "hr":3,
    "rbi":20,
    "bb":6,
    "so":25,
    "sb":1,
    "cs":0,
    "avg":0.288,
    "obp":0.317,
    "slg":0.378
  },
  {
    "lname":"Lough",
    "finit":"D",
    "position":"RF",
    "games":96,
    "ab":315,
    "runs":35,
    "hits":90,
    "doubles":17,
    "triples":4,
    "hr":5,
    "rbi":33,
    "bb":10,
    "so":52,
    "sb":5,
    "cs":2,
    "avg":0.286,
    "obp":0.311,
    "slg":0.413
  },
  {
    "lname":"Bonifacio",
    "finit":"E",
    "position":"2B",
    "games":42,
    "ab":158,
    "runs":21,
    "hits":45,
    "doubles":6,
    "triples":2,
    "hr":0,
    "rbi":11,
    "bb":17,
    "so":37,
    "sb":16,
    "cs":2,
    "avg":0.285,
    "obp":0.352,
    "slg":0.348
  },
  {
    "lname":"Hayes",
    "finit":"B",
    "position":"C",
    "games":5,
    "ab":18,
    "runs":2,
    "hits":5,
    "doubles":3,
    "triples":0,
    "hr":1,
    "rbi":2,
    "bb":0,
    "so":3,
    "sb":0,
    "cs":0,
    "avg":0.278,
    "obp":0.278,
    "slg":0.611
  },
  {
    "lname":"Maxwell",
    "finit":"J",
    "position":"RF",
    "games":35,
    "ab":97,
    "runs":14,
    "hits":26,
    "doubles":6,
    "triples":1,
    "hr":5,
    "rbi":17,
    "bb":11,
    "so":35,
    "sb":2,
    "cs":1,
    "avg":0.268,
    "obp":0.351,
    "slg":0.505
  },
  {
    "lname":"Gordon",
    "finit":"A",
    "position":"LF",
    "games":156,
    "ab":633,
    "runs":90,
    "hits":168,
    "doubles":27,
    "triples":6,
    "hr":20,
    "rbi":81,
    "bb":52,
    "so":141,
    "sb":11,
    "cs":3,
    "avg":0.265,
    "obp":0.327,
    "slg":0.422
  },
  {
    "lname":"Dyson",
    "finit":"J",
    "position":"CF",
    "games":87,
    "ab":213,
    "runs":30,
    "hits":55,
    "doubles":9,
    "triples":4,
    "hr":2,
    "rbi":17,
    "bb":21,
    "so":45,
    "sb":34,
    "cs":6,
    "avg":0.258,
    "obp":0.326,
    "slg":0.366
  },
  {
    "lname":"Cain",
    "finit":"L",
    "position":"CF",
    "games":115,
    "ab":399,
    "runs":54,
    "hits":100,
    "doubles":21,
    "triples":3,
    "hr":4,
    "rbi":46,
    "bb":33,
    "so":90,
    "sb":14,
    "cs":6,
    "avg":0.251,
    "obp":0.310,
    "slg":0.348
  },
  {
    "lname":"Falu",
    "finit":"I",
    "position":"3B",
    "games":1,
    "ab":4,
    "runs":0,
    "hits":1,
    "doubles":0,
    "triples":0,
    "hr":0,
    "rbi":0,
    "bb":0,
    "so":0,
    "sb":0,
    "cs":0,
    "avg":0.250,
    "obp":0.250,
    "slg":0.250
  },
  {
    "lname":"Guthrie",
    "finit":"J",
    "position":"P",
    "games":2,
    "ab":4,
    "runs":0,
    "hits":1,
    "doubles":0,
    "triples":0,
    "hr":0,
    "rbi":0,
    "bb":0,
    "so":2,
    "sb":0,
    "cs":0,
    "avg":0.250,
    "obp":0.250,
    "slg":0.250
  },
  {
    "lname":"Santana",
    "finit":"E",
    "position":"P",
    "games":1,
    "ab":4,
    "runs":0,
    "hits":1,
    "doubles":0,
    "triples":0,
    "hr":0,
    "rbi":0,
    "bb":0,
    "so":2,
    "sb":0,
    "cs":0,
    "avg":0.250,
    "obp":0.250,
    "slg":0.250
  },
  {
    "lname":"Escobar",
    "finit":"A",
    "position":"SS",
    "games":158,
    "ab":607,
    "runs":57,
    "hits":142,
    "doubles":20,
    "triples":4,
    "hr":4,
    "rbi":52,
    "bb":19,
    "so":84,
    "sb":22,
    "cs":0,
    "avg":0.234,
    "obp":0.259,
    "slg":0.300
  },
  {
    "lname":"Moustakas",
    "finit":"M",
    "position":"3B",
    "games":136,
    "ab":472,
    "runs":42,
    "hits":110,
    "doubles":26,
    "triples":0,
    "hr":12,
    "rbi":42,
    "bb":32,
    "so":83,
    "sb":2,
    "cs":4,
    "avg":0.233,
    "obp":0.287,
    "slg":0.364
  }
]