[
  {
    "lname":"Fister",
    "finit":"D",
    "position":"P",
    "games":4,
    "ab":5,
    "runs":0,
    "hits":2,
    "doubles":0,
    "triples":0,
    "hr":0,
    "rbi":1,
    "bb":0,
    "so":1,
    "sb":0,
    "cs":0,
    "avg":0.400,
    "obp":0.400,
    "slg":0.400
  },
  {
    "lname":"Cabrera",
    "finit":"M",
    "position":"1B",
    "games":148,
    "ab":555,
    "runs":103,
    "hits":193,
    "doubles":26,
    "triples":1,
    "hr":44,
    "rbi":137,
    "bb":90,
    "so":94,
    "sb":3,
    "cs":0,
    "avg":0.348,
    "obp":0.442,
    "slg":0.636
  },
  {
    "lname":"Porcello",
    "finit":"R",
    "position":"P",
    "games":3,
    "ab":3,
    "runs":0,
    "hits":1,
    "doubles":0,
    "triples":0,
    "hr":0,
    "rbi":0,
    "bb":0,
    "so":0,
    "sb":0,
    "cs":0,
    "avg":0.333,
    "obp":0.333,
    "slg":0.333
  },
  {
    "lname":"Scherzer",
    "finit":"M",
    "position":"P",
    "games":1,
    "ab":3,
    "runs":0,
    "hits":1,
    "doubles":1,
    "triples":0,
    "hr":0,
    "rbi":1,
    "bb":0,
    "so":0,
    "sb":0,
    "cs":0,
    "avg":0.333,
    "obp":0.333,
    "slg":0.667
  },
  {
    "lname":"Infante",
    "finit":"O",
    "position":"2B",
    "games":118,
    "ab":453,
    "runs":54,
    "hits":144,
    "doubles":24,
    "triples":3,
    "hr":10,
    "rbi":51,
    "bb":20,
    "so":44,
    "sb":5,
    "cs":2,
    "avg":0.318,
    "obp":0.345,
    "slg":0.450
  },
  {
    "lname":"Hunter",
    "finit":"T",
    "position":"RF",
    "games":144,
    "ab":606,
    "runs":90,
    "hits":184,
    "doubles":37,
    "triples":5,
    "hr":17,
    "rbi":84,
    "bb":26,
    "so":113,
    "sb":3,
    "cs":2,
    "avg":0.304,
    "obp":0.334,
    "slg":0.465
  },
  {
    "lname":"Peralta",
    "finit":"J",
    "position":"SS",
    "games":107,
    "ab":409,
    "runs":50,
    "hits":124,
    "doubles":30,
    "triples":0,
    "hr":11,
    "rbi":55,
    "bb":35,
    "so":98,
    "sb":3,
    "cs":3,
    "avg":0.303,
    "obp":0.358,
    "slg":0.457
  },
  {
    "lname":"Martinez",
    "finit":"V",
    "position":"DH",
    "games":159,
    "ab":605,
    "runs":68,
    "hits":182,
    "doubles":36,
    "triples":0,
    "hr":14,
    "rbi":83,
    "bb":54,
    "so":62,
    "sb":0,
    "cs":2,
    "avg":0.301,
    "obp":0.355,
    "slg":0.430
  },
  {
    "lname":"Pena",
    "finit":"B",
    "position":"C",
    "games":71,
    "ab":229,
    "runs":19,
    "hits":68,
    "doubles":11,
    "triples":0,
    "hr":4,
    "rbi":22,
    "bb":6,
    "so":26,
    "sb":0,
    "cs":2,
    "avg":0.297,
    "obp":0.315,
    "slg":0.397
  },
  {
    "lname":"Holaday",
    "finit":"B",
    "position":"C",
    "games":16,
    "ab":27,
    "runs":8,
    "hits":8,
    "doubles":1,
    "triples":0,
    "hr":1,
    "rbi":2,
    "bb":2,
    "so":3,
    "sb":0,
    "cs":0,
    "avg":0.296,
    "obp":0.367,
    "slg":0.444
  },
  {
    "lname":"Fielder",
    "finit":"P",
    "position":"1B",
    "games":162,
    "ab":624,
    "runs":82,
    "hits":174,
    "doubles":36,
    "triples":0,
    "hr":25,
    "rbi":106,
    "bb":75,
    "so":117,
    "sb":1,
    "cs":1,
    "avg":0.279,
    "obp":0.362,
    "slg":0.457
  },
  {
    "lname":"Castellanos",
    "finit":"N",
    "position":"3B",
    "games":11,
    "ab":18,
    "runs":1,
    "hits":5,
    "doubles":0,
    "triples":0,
    "hr":0,
    "rbi":0,
    "bb":0,
    "so":1,
    "sb":0,
    "cs":0,
    "avg":0.278,
    "obp":0.278,
    "slg":0.278
  },
  {
    "lname":"Jackson",
    "finit":"A",
    "position":"CF",
    "games":129,
    "ab":552,
    "runs":99,
    "hits":150,
    "doubles":30,
    "triples":7,
    "hr":12,
    "rbi":49,
    "bb":52,
    "so":129,
    "sb":8,
    "cs":4,
    "avg":0.272,
    "obp":0.337,
    "slg":0.417
  },
  {
    "lname":"Iglesias",
    "finit":"J",
    "position":"SS",
    "games":46,
    "ab":135,
    "runs":12,
    "hits":35,
    "doubles":6,
    "triples":0,
    "hr":2,
    "rbi":10,
    "bb":4,
    "so":30,
    "sb":2,
    "cs":1,
    "avg":0.259,
    "obp":0.306,
    "slg":0.348
  },
  {
    "lname":"Dirks",
    "finit":"A",
    "position":"LF",
    "games":131,
    "ab":438,
    "runs":60,
    "hits":112,
    "doubles":16,
    "triples":2,
    "hr":9,
    "rbi":37,
    "bb":42,
    "so":84,
    "sb":7,
    "cs":1,
    "avg":0.256,
    "obp":0.323,
    "slg":0.363
  },
  {
    "lname":"Tuiasosopo",
    "finit":"M",
    "position":"LF",
    "games":81,
    "ab":164,
    "runs":26,
    "hits":40,
    "doubles":7,
    "triples":0,
    "hr":7,
    "rbi":30,
    "bb":25,
    "so":57,
    "sb":0,
    "cs":0,
    "avg":0.244,
    "obp":0.351,
    "slg":0.415
  },
  {
    "lname":"Garcia",
    "finit":"A",
    "position":"RF",
    "games":30,
    "ab":83,
    "runs":12,
    "hits":20,
    "doubles":3,
    "triples":1,
    "hr":2,
    "rbi":10,
    "bb":4,
    "so":21,
    "sb":0,
    "cs":1,
    "avg":0.241,
    "obp":0.273,
    "slg":0.373
  },
  {
    "lname":"Avila",
    "finit":"A",
    "position":"C",
    "games":102,
    "ab":330,
    "runs":39,
    "hits":75,
    "doubles":14,
    "triples":1,
    "hr":11,
    "rbi":47,
    "bb":44,
    "so":112,
    "sb":0,
    "cs":0,
    "avg":0.227,
    "obp":0.317,
    "slg":0.376
  },
  {
    "lname":"Santiago",
    "finit":"R",
    "position":"2B",
    "games":80,
    "ab":205,
    "runs":27,
    "hits":46,
    "doubles":8,
    "triples":1,
    "hr":1,
    "rbi":14,
    "bb":21,
    "so":32,
    "sb":0,
    "cs":1,
    "avg":0.224,
    "obp":0.298,
    "slg":0.288
  },
  {
    "lname":"Kelly",
    "finit":"D",
    "position":"LF",
    "games":112,
    "ab":216,
    "runs":33,
    "hits":48,
    "doubles":6,
    "triples":1,
    "hr":6,
    "rbi":23,
    "bb":27,
    "so":28,
    "sb":2,
    "cs":0,
    "avg":0.222,
    "obp":0.309,
    "slg":0.343
  }
]