[
  {
    "lname":"Fryer",
    "finit":"E",
    "position":"C",
    "games":6,
    "ab":13,
    "runs":2,
    "hits":5,
    "doubles":1,
    "triples":0,
    "hr":1,
    "rbi":4,
    "bb":3,
    "so":3,
    "sb":0,
    "cs":0,
    "avg":0.385,
    "obp":0.500,
    "slg":0.692
  },
  {
    "lname":"Pinto",
    "finit":"J",
    "position":"C",
    "games":21,
    "ab":76,
    "runs":10,
    "hits":26,
    "doubles":5,
    "triples":0,
    "hr":4,
    "rbi":12,
    "bb":6,
    "so":22,
    "sb":0,
    "cs":0,
    "avg":0.342,
    "obp":0.398,
    "slg":0.566
  },
  {
    "lname":"Mauer",
    "finit":"J",
    "position":"1B",
    "games":113,
    "ab":445,
    "runs":62,
    "hits":144,
    "doubles":35,
    "triples":0,
    "hr":11,
    "rbi":47,
    "bb":61,
    "so":89,
    "sb":0,
    "cs":1,
    "avg":0.324,
    "obp":0.404,
    "slg":0.476
  },
  {
    "lname":"Presley",
    "finit":"A",
    "position":"CF",
    "games":28,
    "ab":113,
    "runs":9,
    "hits":32,
    "doubles":4,
    "triples":1,
    "hr":1,
    "rbi":11,
    "bb":8,
    "so":21,
    "sb":1,
    "cs":3,
    "avg":0.283,
    "obp":0.336,
    "slg":0.363
  },
  {
    "lname":"Ramirez",
    "finit":"W",
    "position":"RF",
    "games":35,
    "ab":81,
    "runs":5,
    "hits":22,
    "doubles":6,
    "triples":1,
    "hr":0,
    "rbi":6,
    "bb":3,
    "so":23,
    "sb":0,
    "cs":0,
    "avg":0.272,
    "obp":0.302,
    "slg":0.370
  },
  {
    "lname":"Morneau",
    "finit":"J",
    "position":"1B",
    "games":127,
    "ab":495,
    "runs":56,
    "hits":128,
    "doubles":32,
    "triples":0,
    "hr":17,
    "rbi":74,
    "bb":37,
    "so":98,
    "sb":0,
    "cs":0,
    "avg":0.259,
    "obp":0.315,
    "slg":0.426
  },
  {
    "lname":"Plouffe",
    "finit":"T",
    "position":"3B",
    "games":129,
    "ab":477,
    "runs":44,
    "hits":121,
    "doubles":22,
    "triples":1,
    "hr":14,
    "rbi":52,
    "bb":34,
    "so":112,
    "sb":2,
    "cs":1,
    "avg":0.254,
    "obp":0.309,
    "slg":0.392
  },
  {
    "lname":"Arcia",
    "finit":"O",
    "position":"LF",
    "games":97,
    "ab":351,
    "runs":34,
    "hits":88,
    "doubles":17,
    "triples":2,
    "hr":14,
    "rbi":43,
    "bb":23,
    "so":117,
    "sb":1,
    "cs":2,
    "avg":0.251,
    "obp":0.304,
    "slg":0.430
  },
  {
    "lname":"Doumit",
    "finit":"R",
    "position":"C",
    "games":135,
    "ab":485,
    "runs":49,
    "hits":120,
    "doubles":28,
    "triples":1,
    "hr":14,
    "rbi":55,
    "bb":48,
    "so":99,
    "sb":1,
    "cs":0,
    "avg":0.247,
    "obp":0.314,
    "slg":0.396
  },
  {
    "lname":"Dozier",
    "finit":"B",
    "position":"2B",
    "games":147,
    "ab":558,
    "runs":72,
    "hits":136,
    "doubles":33,
    "triples":4,
    "hr":18,
    "rbi":66,
    "bb":51,
    "so":120,
    "sb":14,
    "cs":7,
    "avg":0.244,
    "obp":0.312,
    "slg":0.414
  },
  {
    "lname":"Escobar",
    "finit":"E",
    "position":"SS",
    "games":66,
    "ab":165,
    "runs":23,
    "hits":39,
    "doubles":5,
    "triples":2,
    "hr":3,
    "rbi":10,
    "bb":11,
    "so":34,
    "sb":0,
    "cs":2,
    "avg":0.236,
    "obp":0.282,
    "slg":0.345
  },
  {
    "lname":"Carroll",
    "finit":"J",
    "position":"2B",
    "games":58,
    "ab":191,
    "runs":21,
    "hits":44,
    "doubles":6,
    "triples":0,
    "hr":0,
    "rbi":9,
    "bb":13,
    "so":35,
    "sb":2,
    "cs":0,
    "avg":0.230,
    "obp":0.283,
    "slg":0.262
  },
  {
    "lname":"Parmelee",
    "finit":"C",
    "position":"RF",
    "games":101,
    "ab":294,
    "runs":21,
    "hits":67,
    "doubles":13,
    "triples":0,
    "hr":8,
    "rbi":24,
    "bb":33,
    "so":81,
    "sb":1,
    "cs":1,
    "avg":0.228,
    "obp":0.309,
    "slg":0.354
  },
  {
    "lname":"Bernier",
    "finit":"D",
    "position":"SS",
    "games":33,
    "ab":53,
    "runs":9,
    "hits":12,
    "doubles":3,
    "triples":0,
    "hr":0,
    "rbi":5,
    "bb":8,
    "so":15,
    "sb":2,
    "cs":1,
    "avg":0.226,
    "obp":0.339,
    "slg":0.283
  },
  {
    "lname":"Florimon",
    "finit":"P",
    "position":"SS",
    "games":134,
    "ab":403,
    "runs":44,
    "hits":89,
    "doubles":17,
    "triples":0,
    "hr":9,
    "rbi":44,
    "bb":33,
    "so":115,
    "sb":15,
    "cs":6,
    "avg":0.221,
    "obp":0.281,
    "slg":0.330
  },
  {
    "lname":"Thomas",
    "finit":"C",
    "position":"CF",
    "games":92,
    "ab":290,
    "runs":39,
    "hits":62,
    "doubles":15,
    "triples":0,
    "hr":4,
    "rbi":13,
    "bb":30,
    "so":92,
    "sb":1,
    "cs":3,
    "avg":0.214,
    "obp":0.290,
    "slg":0.307
  },
  {
    "lname":"Willingham",
    "finit":"J",
    "position":"LF",
    "games":111,
    "ab":389,
    "runs":42,
    "hits":81,
    "doubles":20,
    "triples":0,
    "hr":14,
    "rbi":48,
    "bb":66,
    "so":128,
    "sb":1,
    "cs":0,
    "avg":0.208,
    "obp":0.342,
    "slg":0.368
  },
  {
    "lname":"Herrmann",
    "finit":"C",
    "position":"C",
    "games":57,
    "ab":157,
    "runs":16,
    "hits":32,
    "doubles":7,
    "triples":0,
    "hr":4,
    "rbi":18,
    "bb":18,
    "so":49,
    "sb":0,
    "cs":1,
    "avg":0.204,
    "obp":0.286,
    "slg":0.325
  },
  {
    "lname":"Colabello",
    "finit":"C",
    "position":"1B",
    "games":55,
    "ab":160,
    "runs":14,
    "hits":31,
    "doubles":3,
    "triples":0,
    "hr":7,
    "rbi":17,
    "bb":20,
    "so":58,
    "sb":0,
    "cs":1,
    "avg":0.194,
    "obp":0.287,
    "slg":0.344
  },
  {
    "lname":"Hicks",
    "finit":"A",
    "position":"CF",
    "games":81,
    "ab":281,
    "runs":37,
    "hits":54,
    "doubles":11,
    "triples":3,
    "hr":8,
    "rbi":27,
    "bb":24,
    "so":84,
    "sb":9,
    "cs":3,
    "avg":0.192,
    "obp":0.259,
    "slg":0.338
  }
]