[
  {
    "lname":"Axelrod",
    "finit":"D",
    "position":"P",
    "games":1,
    "ab":2,
    "runs":1,
    "hits":1,
    "doubles":0,
    "triples":0,
    "hr":0,
    "rbi":0,
    "bb":0,
    "so":1,
    "sb":0,
    "cs":0,
    "avg":0.500,
    "obp":0.500,
    "slg":0.500
  },
  {
    "lname":"Garcia",
    "finit":"A",
    "position":"RF",
    "games":42,
    "ab":161,
    "runs":19,
    "hits":49,
    "doubles":4,
    "triples":2,
    "hr":5,
    "rbi":21,
    "bb":5,
    "so":38,
    "sb":3,
    "cs":2,
    "avg":0.304,
    "obp":0.327,
    "slg":0.447
  },
  {
    "lname":"Ramirez",
    "finit":"A",
    "position":"SS",
    "games":158,
    "ab":637,
    "runs":68,
    "hits":181,
    "doubles":39,
    "triples":2,
    "hr":6,
    "rbi":48,
    "bb":26,
    "so":68,
    "sb":30,
    "cs":9,
    "avg":0.284,
    "obp":0.313,
    "slg":0.380
  },
  {
    "lname":"Rios",
    "finit":"A",
    "position":"RF",
    "games":109,
    "ab":430,
    "runs":57,
    "hits":119,
    "doubles":22,
    "triples":2,
    "hr":12,
    "rbi":55,
    "bb":32,
    "so":78,
    "sb":26,
    "cs":6,
    "avg":0.277,
    "obp":0.328,
    "slg":0.421
  },
  {
    "lname":"Beckham",
    "finit":"G",
    "position":"2B",
    "games":103,
    "ab":371,
    "runs":46,
    "hits":99,
    "doubles":22,
    "triples":1,
    "hr":5,
    "rbi":24,
    "bb":28,
    "so":56,
    "sb":5,
    "cs":1,
    "avg":0.267,
    "obp":0.322,
    "slg":0.372
  },
  {
    "lname":"Viciedo",
    "finit":"D",
    "position":"LF",
    "games":124,
    "ab":441,
    "runs":43,
    "hits":117,
    "doubles":23,
    "triples":3,
    "hr":14,
    "rbi":56,
    "bb":24,
    "so":98,
    "sb":0,
    "cs":0,
    "avg":0.265,
    "obp":0.304,
    "slg":0.426
  },
  {
    "lname":"De Aza",
    "finit":"A",
    "position":"LF",
    "games":153,
    "ab":607,
    "runs":84,
    "hits":160,
    "doubles":27,
    "triples":4,
    "hr":17,
    "rbi":62,
    "bb":50,
    "so":147,
    "sb":20,
    "cs":8,
    "avg":0.264,
    "obp":0.323,
    "slg":0.405
  },
  {
    "lname":"Semien",
    "finit":"M",
    "position":"3B",
    "games":21,
    "ab":69,
    "runs":7,
    "hits":18,
    "doubles":4,
    "triples":0,
    "hr":2,
    "rbi":7,
    "bb":1,
    "so":22,
    "sb":2,
    "cs":2,
    "avg":0.261,
    "obp":0.268,
    "slg":0.406
  },
  {
    "lname":"Keppinger",
    "finit":"J",
    "position":"2B",
    "games":117,
    "ab":423,
    "runs":38,
    "hits":107,
    "doubles":13,
    "triples":1,
    "hr":4,
    "rbi":40,
    "bb":20,
    "so":41,
    "sb":0,
    "cs":1,
    "avg":0.253,
    "obp":0.283,
    "slg":0.317
  },
  {
    "lname":"Gillaspie",
    "finit":"C",
    "position":"3B",
    "games":134,
    "ab":408,
    "runs":46,
    "hits":100,
    "doubles":14,
    "triples":3,
    "hr":13,
    "rbi":40,
    "bb":37,
    "so":79,
    "sb":0,
    "cs":1,
    "avg":0.245,
    "obp":0.305,
    "slg":0.390
  },
  {
    "lname":"Konerko",
    "finit":"P",
    "position":"1B",
    "games":126,
    "ab":467,
    "runs":41,
    "hits":114,
    "doubles":16,
    "triples":0,
    "hr":12,
    "rbi":54,
    "bb":45,
    "so":74,
    "sb":0,
    "cs":0,
    "avg":0.244,
    "obp":0.313,
    "slg":0.355
  },
  {
    "lname":"Wise",
    "finit":"D",
    "position":"CF",
    "games":30,
    "ab":64,
    "runs":6,
    "hits":15,
    "doubles":3,
    "triples":0,
    "hr":1,
    "rbi":3,
    "bb":2,
    "so":14,
    "sb":1,
    "cs":1,
    "avg":0.234,
    "obp":0.258,
    "slg":0.328
  },
  {
    "lname":"Danks",
    "finit":"J",
    "position":"CF",
    "games":79,
    "ab":160,
    "runs":15,
    "hits":37,
    "doubles":7,
    "triples":0,
    "hr":5,
    "rbi":12,
    "bb":18,
    "so":57,
    "sb":7,
    "cs":2,
    "avg":0.231,
    "obp":0.313,
    "slg":0.369
  },
  {
    "lname":"Tekotte",
    "finit":"B",
    "position":"CF",
    "games":20,
    "ab":31,
    "runs":4,
    "hits":7,
    "doubles":1,
    "triples":0,
    "hr":1,
    "rbi":2,
    "bb":3,
    "so":9,
    "sb":1,
    "cs":3,
    "avg":0.226,
    "obp":0.306,
    "slg":0.355
  },
  {
    "lname":"Gonzalez",
    "finit":"M",
    "position":"C",
    "games":5,
    "ab":9,
    "runs":0,
    "hits":2,
    "doubles":0,
    "triples":0,
    "hr":0,
    "rbi":0,
    "bb":0,
    "so":3,
    "sb":0,
    "cs":0,
    "avg":0.222,
    "obp":0.222,
    "slg":0.222
  },
  {
    "lname":"Greene",
    "finit":"T",
    "position":"2B",
    "games":22,
    "ab":54,
    "runs":7,
    "hits":12,
    "doubles":2,
    "triples":1,
    "hr":1,
    "rbi":3,
    "bb":3,
    "so":19,
    "sb":0,
    "cs":0,
    "avg":0.222,
    "obp":0.263,
    "slg":0.352
  },
  {
    "lname":"Dunn",
    "finit":"A",
    "position":"1B",
    "games":149,
    "ab":525,
    "runs":60,
    "hits":115,
    "doubles":15,
    "triples":0,
    "hr":34,
    "rbi":86,
    "bb":76,
    "so":189,
    "sb":1,
    "cs":1,
    "avg":0.219,
    "obp":0.320,
    "slg":0.442
  },
  {
    "lname":"Phegley",
    "finit":"J",
    "position":"C",
    "games":65,
    "ab":204,
    "runs":14,
    "hits":42,
    "doubles":7,
    "triples":0,
    "hr":4,
    "rbi":22,
    "bb":5,
    "so":41,
    "sb":2,
    "cs":0,
    "avg":0.206,
    "obp":0.223,
    "slg":0.299
  },
  {
    "lname":"Garcia",
    "finit":"L",
    "position":"2B",
    "games":20,
    "ab":49,
    "runs":2,
    "hits":10,
    "doubles":1,
    "triples":0,
    "hr":0,
    "rbi":1,
    "bb":4,
    "so":18,
    "sb":6,
    "cs":2,
    "avg":0.204,
    "obp":0.259,
    "slg":0.224
  },
  {
    "lname":"Morel",
    "finit":"B",
    "position":"3B",
    "games":12,
    "ab":25,
    "runs":3,
    "hits":5,
    "doubles":0,
    "triples":0,
    "hr":0,
    "rbi":1,
    "bb":5,
    "so":7,
    "sb":1,
    "cs":1,
    "avg":0.200,
    "obp":0.333,
    "slg":0.200
  }
]