[
  {
    "lname":"Mesa",
    "finit":"M",
    "position":"CF",
    "games":5,
    "ab":13,
    "runs":2,
    "hits":5,
    "doubles":2,
    "triples":0,
    "hr":0,
    "rbi":1,
    "bb":1,
    "so":2,
    "sb":0,
    "cs":1,
    "avg":0.385,
    "obp":0.429,
    "slg":0.538
  },
  {
    "lname":"Cano",
    "finit":"R",
    "position":"2B",
    "games":160,
    "ab":605,
    "runs":81,
    "hits":190,
    "doubles":41,
    "triples":0,
    "hr":27,
    "rbi":107,
    "bb":65,
    "so":85,
    "sb":7,
    "cs":1,
    "avg":0.314,
    "obp":0.383,
    "slg":0.516
  },
  {
    "lname":"Boesch",
    "finit":"B",
    "position":"RF",
    "games":23,
    "ab":51,
    "runs":6,
    "hits":14,
    "doubles":2,
    "triples":1,
    "hr":3,
    "rbi":8,
    "bb":2,
    "so":9,
    "sb":0,
    "cs":0,
    "avg":0.275,
    "obp":0.302,
    "slg":0.529
  },
  {
    "lname":"Gardner",
    "finit":"B",
    "position":"CF",
    "games":145,
    "ab":539,
    "runs":81,
    "hits":147,
    "doubles":33,
    "triples":10,
    "hr":8,
    "rbi":52,
    "bb":52,
    "so":127,
    "sb":24,
    "cs":8,
    "avg":0.273,
    "obp":0.344,
    "slg":0.416
  },
  {
    "lname":"Cervelli",
    "finit":"F",
    "position":"C",
    "games":17,
    "ab":52,
    "runs":12,
    "hits":14,
    "doubles":3,
    "triples":0,
    "hr":3,
    "rbi":8,
    "bb":8,
    "so":9,
    "sb":0,
    "cs":0,
    "avg":0.269,
    "obp":0.377,
    "slg":0.500
  },
  {
    "lname":"Suzuki",
    "finit":"I",
    "position":"RF",
    "games":150,
    "ab":520,
    "runs":57,
    "hits":136,
    "doubles":15,
    "triples":3,
    "hr":7,
    "rbi":35,
    "bb":26,
    "so":63,
    "sb":20,
    "cs":4,
    "avg":0.262,
    "obp":0.297,
    "slg":0.342
  },
  {
    "lname":"Nunez",
    "finit":"E",
    "position":"SS",
    "games":90,
    "ab":304,
    "runs":38,
    "hits":79,
    "doubles":17,
    "triples":4,
    "hr":3,
    "rbi":28,
    "bb":20,
    "so":51,
    "sb":10,
    "cs":3,
    "avg":0.260,
    "obp":0.307,
    "slg":0.372
  },
  {
    "lname":"Soriano",
    "finit":"A",
    "position":"LF",
    "games":58,
    "ab":219,
    "runs":37,
    "hits":56,
    "doubles":8,
    "triples":0,
    "hr":17,
    "rbi":50,
    "bb":21,
    "so":67,
    "sb":8,
    "cs":4,
    "avg":0.256,
    "obp":0.325,
    "slg":0.525
  },
  {
    "lname":"Rodriguez",
    "finit":"A",
    "position":"3B",
    "games":44,
    "ab":156,
    "runs":21,
    "hits":38,
    "doubles":7,
    "triples":0,
    "hr":7,
    "rbi":19,
    "bb":23,
    "so":43,
    "sb":4,
    "cs":2,
    "avg":0.244,
    "obp":0.348,
    "slg":0.423
  },
  {
    "lname":"Overbay",
    "finit":"L",
    "position":"1B",
    "games":142,
    "ab":445,
    "runs":43,
    "hits":107,
    "doubles":24,
    "triples":1,
    "hr":14,
    "rbi":59,
    "bb":36,
    "so":111,
    "sb":2,
    "cs":0,
    "avg":0.240,
    "obp":0.295,
    "slg":0.393
  },
  {
    "lname":"Reynolds",
    "finit":"M",
    "position":"1B",
    "games":36,
    "ab":110,
    "runs":15,
    "hits":26,
    "doubles":6,
    "triples":0,
    "hr":6,
    "rbi":19,
    "bb":8,
    "so":31,
    "sb":0,
    "cs":1,
    "avg":0.236,
    "obp":0.300,
    "slg":0.455
  },
  {
    "lname":"Nix",
    "finit":"J",
    "position":"SS",
    "games":87,
    "ab":267,
    "runs":32,
    "hits":63,
    "doubles":9,
    "triples":1,
    "hr":3,
    "rbi":24,
    "bb":24,
    "so":80,
    "sb":13,
    "cs":1,
    "avg":0.236,
    "obp":0.308,
    "slg":0.311
  },
  {
    "lname":"Almonte",
    "finit":"Z",
    "position":"LF",
    "games":34,
    "ab":106,
    "runs":9,
    "hits":25,
    "doubles":4,
    "triples":0,
    "hr":1,
    "rbi":9,
    "bb":6,
    "so":19,
    "sb":3,
    "cs":1,
    "avg":0.236,
    "obp":0.274,
    "slg":0.302
  },
  {
    "lname":"Wells",
    "finit":"V",
    "position":"LF",
    "games":130,
    "ab":424,
    "runs":45,
    "hits":99,
    "doubles":16,
    "triples":0,
    "hr":11,
    "rbi":50,
    "bb":30,
    "so":73,
    "sb":7,
    "cs":3,
    "avg":0.233,
    "obp":0.282,
    "slg":0.349
  },
  {
    "lname":"Granderson",
    "finit":"C",
    "position":"CF",
    "games":61,
    "ab":214,
    "runs":31,
    "hits":49,
    "doubles":13,
    "triples":2,
    "hr":7,
    "rbi":15,
    "bb":27,
    "so":69,
    "sb":8,
    "cs":2,
    "avg":0.229,
    "obp":0.317,
    "slg":0.407
  },
  {
    "lname":"Nelson",
    "finit":"C",
    "position":"3B",
    "games":10,
    "ab":36,
    "runs":3,
    "hits":8,
    "doubles":2,
    "triples":0,
    "hr":0,
    "rbi":2,
    "bb":1,
    "so":11,
    "sb":0,
    "cs":0,
    "avg":0.222,
    "obp":0.243,
    "slg":0.278
  },
  {
    "lname":"Ryan",
    "finit":"B",
    "position":"SS",
    "games":17,
    "ab":59,
    "runs":7,
    "hits":13,
    "doubles":2,
    "triples":0,
    "hr":1,
    "rbi":1,
    "bb":2,
    "so":13,
    "sb":0,
    "cs":0,
    "avg":0.220,
    "obp":0.258,
    "slg":0.305
  },
  {
    "lname":"Youkilis",
    "finit":"K",
    "position":"3B",
    "games":28,
    "ab":105,
    "runs":12,
    "hits":23,
    "doubles":7,
    "triples":0,
    "hr":2,
    "rbi":8,
    "bb":8,
    "so":31,
    "sb":0,
    "cs":0,
    "avg":0.219,
    "obp":0.305,
    "slg":0.343
  },
  {
    "lname":"Stewart",
    "finit":"C",
    "position":"C",
    "games":109,
    "ab":294,
    "runs":28,
    "hits":62,
    "doubles":6,
    "triples":0,
    "hr":4,
    "rbi":25,
    "bb":30,
    "so":49,
    "sb":4,
    "cs":0,
    "avg":0.211,
    "obp":0.293,
    "slg":0.272
  },
  {
    "lname":"Romine",
    "finit":"A",
    "position":"C",
    "games":60,
    "ab":135,
    "runs":15,
    "hits":28,
    "doubles":9,
    "triples":0,
    "hr":1,
    "rbi":10,
    "bb":8,
    "so":37,
    "sb":1,
    "cs":0,
    "avg":0.207,
    "obp":0.255,
    "slg":0.296
  }
]